2015-10-16;1469,71;1444,88;1452,36;;1;;0
2015-10-15;1453,87;1441,76;1453,87;;1;;0
2015-10-14;1455,06;1441,29;1442,75;;1;;0
2015-10-13;1483,47;1452,78;1460,11;;1;;0
2015-10-12;1504,60;1472,52;1481,43;;1;;0
2015-10-09;1490,20;1473,99;1483,74;;1;;0
2015-10-08;1464,99;1447,36;1464,49;;1;;0
2015-10-07;1471,64;1452,01;1452,01;;1;;0
2015-10-06;1464,58;1441,35;1457,15;;1;;0
2015-10-05;1456,97;1429,65;1456,97;;1;;0
2015-10-02;1429,38;1396,20;1412,86;;1;;0
2015-10-01;1435,97;1399,34;1404,45;;1;;0
2015-09-30;1423,83;1407,34;1416,89;;1;;0
2015-09-29;1403,30;1369,29;1391,88;;1;;0
2015-09-28;1416,08;1389,38;1389,38;;1;;0
2015-09-25;1421,63;1401,05;1418,47;;1;;0
2015-09-24;1424,20;1378,94;1381,87;;1;;0
2015-09-23;1432,38;1416,92;1421,50;;1;;0
2015-09-22;0,00;0,00;1425,39;;1;;0
2015-09-21;1467,57;1443,73;1462,66;;1;;0
2015-09-18;1478,69;1446,98;1453,11;;1;;0
2015-09-17;1488,70;1480,37;1486,46;;1;;0
2015-09-16;1490,56;1477,59;1483,66;;1;;0
2015-09-15;1475,11;1450,57;1469,08;;1;;0
2015-09-14;1491,82;1462,76;1467,73;;1;;0
2015-09-11;1499,12;1484,18;1488,41;;1;;0
2015-09-10;1505,66;1487,91;1494,35;;1;;0
2015-09-09;1524,23;1505,99;1507,15;;1;;0
2015-09-08;1499,47;1480,67;1488,88;;1;;0
2015-09-07;1479,88;1466,20;1471,75;;1;;0
2015-09-04;1486,05;1459,49;1461,46;;1;;0
2015-09-03;1506,53;1479,13;1500,21;;1;;0
2015-09-02;1486,13;1464,41;1471,51;;1;;0
2015-09-01;1489,07;1460,67;1469,86;;1;;0
2015-08-31;1504,55;1486,61;1501,07;;1;;0
2015-08-28;1509,71;1490,46;1509,71;;1;;0
2015-08-27;1505,88;1485,67;1502,86;;1;;0
2015-08-26;1490,48;1444,63;1458,20;;1;;0
2015-08-25;1487,26;1440,98;1483,35;;1;;0
2015-08-24;1471,65;1405,01;1428,08;;1;;0
2015-08-21;1530,71;1495,36;1495,36;;1;;0
2015-08-20;1553,54;1532,96;1534,39;;1;;0
2015-08-19;1576,86;1553,27;1553,51;;1;;0
2015-08-18;1592,84;1580,39;1583,53;;1;;0
2015-08-17;1603,68;1578,41;1592,81;;1;;0
2015-08-14;1598,29;1583,34;1586,83;;1;;0
2015-08-13;1599,61;1586,29;1594,15;;1;;0
2015-08-12;1604,03;1573,12;1575,04;;1;;0
2015-08-11;1638,12;1611,61;1614,72;;1;;0
2015-08-10;1636,63;1608,27;1636,54;;1;;0
2015-08-07;1622,94;1612,28;1612,28;;1;;0
2015-08-06;1627,48;1619,42;1621,56;;1;;0
2015-08-05;1630,01;1615,63;1627,42;;1;;0
2015-08-04;1616,90;1606,54;1611,88;;1;;0
2015-08-03;1621,73;1610,49;1618,28;;1;;0
2015-07-31;1615,64;1600,45;1615,64;;1;;0
2015-07-30;1609,38;1592,19;1603,50;;1;;0
2015-07-29;1603,32;1583,08;1597,86;;1;;0
2015-07-28;1594,86;1578,39;1588,22;;1;;0
2015-07-27;1608,06;1581,07;1581,33;;1;;0
2015-07-24;1626,72;1611,19;1612,80;;1;;0
2015-07-23;1636,49;1617,40;1619,81;;1;;0
2015-07-22;1633,35;1621,27;1621,27;;1;;0
2015-07-21;1658,93;1634,87;1636,42;;1;;0
2015-07-20;1655,82;1641,48;1653,44;;1;;0
2015-07-17;1648,81;1630,02;1635,47;;1;;0
2015-07-16;1639,18;1611,19;1636,12;;1;;0
2015-07-15;1612,55;1600,40;1601,97;;1;;0
2015-07-14;1616,56;1607,14;1616,25;;1;;0
2015-07-13;1616,56;1601,14;1614,42;;1;;0
2015-07-10;1590,54;1570,63;1590,54;;1;;0
2015-07-09;1552,04;1524,48;1549,59;;1;;0
2015-07-08;1528,61;1507,01;1520,88;;1;;0
2015-07-07;1541,71;1516,09;1516,12;;1;;0
2015-07-06;1539,46;1525,90;1526,94;;1;;0
2015-07-03;1564,29;1544,55;1553,60;;1;;0
2015-07-02;1577,77;1560,63;1562,10;;1;;0
2015-07-01;1582,10;1546,42;1575,50;;1;;0
2015-06-30;1561,34;1537,93;1541,66;;1;;0
2015-06-29;1585,78;1545,58;1559,80;;1;;0
2015-06-26;1614,30;1584,03;1608,26;;1;;0
2015-06-25;1613,17;1594,90;1601,12;;1;;0
2015-06-24;1627,57;1606,75;1611,50;;1;;0
2015-06-23;1628,24;1611,54;1620,95;;1;;0
2015-06-22;1606,62;1581,63;1606,62;;1;;0
2015-06-18;1565,23;1538,47;1562,43;;1;;0
2015-06-17;1584,27;1565,86;1567,46;;1;;0
2015-06-16;1585,80;1548,68;1582,23;;1;;0
2015-06-15;1586,38;1561,52;1566,99;;1;;0
2015-06-12;1611,40;1588,43;1597,33;;1;;0
2015-06-11;1618,66;1596,48;1604,89;;1;;0
2015-06-10;1613,03;1578,85;1610,38;;1;;0
2015-06-09;1594,46;1569,46;1587,84;;1;;0
2015-06-08;1608,24;1589,57;1589,57;;1;;0
2015-06-05;1616,95;1601,16;1606,45;;1;;0
2015-06-04;1639,26;1618,84;1625,02;;1;;0
2015-06-03;1650,28;1632,27;1641,69;;1;;0
2015-06-02;1657,59;1629,94;1638,65;;1;;0
2015-06-01;1656,85;1644,76;1649,59;;1;;0
2015-05-29;1669,13;1644,99;1644,99;;1;;0
2015-05-28;1668,48;1657,99;1667,06;;1;;0
2015-05-27;1664,16;1637,79;1664,08;;1;;0
2015-05-26;1656,98;1636,16;1638,49;;1;;0
2015-05-25;1650,69;1639,10;1650,69;;1;;0
2015-05-22;1653,71;1639,39;1648,46;;1;;0
2015-05-21;1642,19;1627,80;1642,19;;1;;0
2015-05-20;1637,70;1626,59;1637,48;;1;;0
2015-05-19;1637,05;1620,76;1633,26;;1;;0
2015-05-18;1626,79;1611,59;1622,57;;1;;0
2015-05-15;1637,11;1615,02;1616,48;;1;;0
2015-05-13;1622,03;1603,95;1622,01;;1;;0
2015-05-12;1609,89;1589,66;1600,10;;1;;0
2015-05-11;1625,17;1607,64;1617,03;;1;;0
2015-05-08;1619,01;1580,13;1616,45;;1;;0
2015-05-07;1594,42;1558,16;1587,65;;1;;0
2015-05-06;1602,48;1573,90;1584,18;;1;;0
2015-05-05;1640,68;1595,38;1595,48;;1;;0
2015-05-04;1644,30;1630,29;1634,10;;1;;0
2015-04-30;1642,97;1615,45;1628,04;;1;;0
2015-04-29;1691,04;1632,68;1636,18;;1;;0
2015-04-28;1715,90;1671,51;1679,52;;1;;0
2015-04-27;1720,02;1697,81;1719,93;;1;;0
2015-04-24;1700,23;1689,89;1698,51;;1;;0
2015-04-23;1716,89;1681,26;1689,77;;1;;0
2015-04-22;1713,48;1685,60;1706,25;;1;;0
2015-04-21;1697,50;1679,36;1694,73;;1;;0
2015-04-20;1678,39;1658,88;1678,28;;1;;0
2015-04-17;1690,08;1655,72;1655,72;;1;;0
2015-04-16;1710,83;1690,93;1690,93;;1;;0
2015-04-15;1714,62;1699,48;1710,61;;1;;0
2015-04-14;1709,01;1694,98;1701,39;;1;;0
2015-04-13;1701,08;1688,61;1700,36;;1;;0
2015-04-10;1699,98;1692,54;1699,96;;1;;0
2015-04-09;1695,94;1687,16;1695,94;;1;;0
2015-04-08;1701,58;1686,26;1686,77;;1;;0
2015-04-07;1700,63;1687,96;1697,43;;1;;0
2015-04-02;1675,57;1668,86;1675,52;;1;;0
2015-04-01;1677,66;1654,99;1669,49;;1;;0
2015-03-31;1689,22;1666,74;1667,73;;1;;0
2015-03-30;1687,17;1669,52;1687,17;;1;;0
2015-03-27;1681,62;1662,31;1662,56;;1;;0
2015-03-26;1675,94;1654,04;1675,61;;1;;0
2015-03-25;1705,56;1688,99;1694,39;;1;;0
2015-03-24;1704,05;1691,96;1701,29;;1;;0
2015-03-23;1708,57;1695,37;1698,38;;1;;0
2015-03-20;1710,92;1696,48;1710,87;;1;;0
2015-03-19;1719,44;1699,31;1707,50;;1;;0
2015-03-18;1710,17;1674,25;1703,96;;1;;0
2015-03-17;1691,64;1666,74;1675,88;;1;;0
2015-03-16;1690,27;1671,06;1689,67;;1;;0
2015-03-13;1669,74;1660,47;1665,13;;1;;0
2015-03-12;1666,78;1653,24;1661,69;;1;;0
2015-03-11;1667,91;1634,80;1663,31;;1;;0
2015-03-10;1661,78;1640,25;1641,71;;1;;0
2015-03-09;1666,05;1642,46;1660,36;;1;;0
2015-03-06;1675,29;1661,65;1662,55;;1;;0
2015-03-05;1678,54;1669,11;1669,56;;1;;0
2015-03-04;1667,19;1643,62;1664,50;;1;;0
2015-03-03;1694,29;1660,29;1661,87;;1;;0
2015-03-02;1701,07;1675,98;1686,64;;1;;0
2015-02-27;1695,37;1679,21;1691,03;;1;;0
2015-02-26;1686,05;1678,20;1684,83;;1;;0
2015-02-25;1685,67;1675,38;1678,73;;1;;0
2015-02-24;1685,65;1666,93;1683,92;;1;;0
2015-02-23;1679,49;1667,68;1679,48;;1;;0
2015-02-20;1665,07;1652,85;1664,33;;1;;0
2015-02-19;1662,24;1642,60;1662,24;;1;;0
2015-02-18;1652,38;1634,67;1652,15;;1;;0
2015-02-17;1639,08;1625,19;1630,99;;1;;0
2015-02-16;1644,29;1637,17;1644,29;;1;;0
2015-02-13;1643,85;1628,48;1642,04;;1;;0
2015-02-12;1631,27;1594,30;1624,35;;1;;0
2015-02-11;1604,97;1589,36;1593,03;;1;;0
2015-02-10;1605,94;1583,04;1602,74;;1;;0
2015-02-09;1593,18;1582,56;1591,40;;1;;0
2015-02-06;1601,12;1580,99;1599,55;;1;;0
2015-02-05;1588,32;1572,72;1586,13;;1;;0
2015-02-04;1596,27;1574,00;1579,31;;1;;0
2015-02-03;1594,63;1581,16;1593,42;;1;;0
2015-02-02;1579,02;1567,63;1575,95;;1;;0
2015-01-30;1582,10;1572,55;1573,62;;1;;0
2015-01-29;1570,84;1550,11;1570,39;;1;;0
2015-01-28;1562,54;1539,15;1562,54;;1;;0
2015-01-27;1554,66;1525,44;1533,37;;1;;0
2015-01-26;1554,70;1527,36;1554,70;;1;;0
2015-01-23;1540,91;1530,36;1536,39;;1;;0
2015-01-22;1526,46;1501,48;1523,80;;1;;0
2015-01-21;1501,22;1483,26;1501,22;;1;;0
2015-01-20;1498,27;1480,62;1491,59;;1;;0
2015-01-19;1479,81;1466,78;1476,31;;1;;0
2015-01-16;1470,47;1447,41;1468,90;;1;;0
2015-01-15;1458,00;1421,84;1457,36;;1;;0
2015-01-14;1459,68;1434,79;1434,79;;1;;0
2015-01-13;1468,85;1449,84;1465,66;;1;;0
2015-01-12;1460,11;1444,55;1453,64;;1;;0
2015-01-09;1460,99;1439,15;1444,46;;1;;0
2015-01-08;1458,17;1428,54;1456,72;;1;;0
2015-01-07;1441,31;1421,34;1421,34;;1;;0
2015-01-05;1467,69;1453,53;1454,81;;1;;0
2015-01-02;1472,61;1460,67;1463,78;;1;;0
2014-12-30;1476,33;1463,13;1464,55;;1;;0
2014-12-29;1479,37;1470,66;1478,93;;1;;0
2014-12-23;1472,00;1460,18;1470,49;;1;;0
2014-12-22;1465,33;1453,66;1461,75;;1;;0
2014-12-19;1456,51;1435,27;1452,36;;1;;0
2014-12-18;1441,85;1419,99;1441,85;;1;;0
2014-12-17;1409,12;1397,80;1405,35;;1;;0
2014-12-16;1414,60;1386,61;1413,58;;1;;0
2014-12-15;1438,39;1408,75;1408,75;;1;;0
2014-12-12;1450,46;1425,86;1425,86;;1;;0
2014-12-11;1459,45;1445,45;1454,45;;1;;0
2014-12-10;1462,71;1450,49;1452,80;;1;;0
2014-12-09;1466,47;1447,96;1452,24;;1;;0
2014-12-08;1472,66;1466,19;1467,88;;1;;0
2014-12-05;1474,70;1455,93;1474,70;;1;9459237207,13;0
2014-12-04;1471,92;1447,18;1447,82;;1;10621084908,38;0
2014-12-03;1466,02;1452,13;1464,84;;1;9562337021,256;0
2014-12-02;1463,44;1447,97;1450,07;;1;9494052428,287;0
2014-12-01;1456,90;1447,78;1450,03;;1;10364089513,575;0
2014-11-28;1466,15;1453,77;1461,34;;1;10447481462,05;0
2014-11-27;1467,31;1458,62;1465,96;;1;6108925709,225;0
2014-11-26;1474,89;1455,50;1457,81;;1;8356773551,475;0
2014-11-25;1467,97;1455,35;1467,36;;1;10815581356,55;0
2014-11-24;1456,59;1445,15;1456,59;;1;8936888574,05;0
2014-11-21;1447,53;1424,16;1447,53;;1;12555430833,19;0
2014-11-20;1430,41;1418,61;1423,71;;1;9328296884,575;0
2014-11-19;1432,58;1426,04;1428,01;;1;7661310126,675;0
2014-11-18;1432,38;1419,31;1432,38;;1;9987914742,057;0
2014-11-17;1421,82;1408,35;1419,92;;1;7674321820,21;0
2014-11-14;1424,40;1411,58;1415,60;;1;8238799926,225;0
2014-11-13;1423,13;1412,68;1422,76;;1;9400732199,498;0
2014-11-12;1426,14;1408,86;1408,86;;1;8730350215,35;0
2014-11-11;1425,06;1418,78;1424,93;;1;8159568291,858;0
2014-11-10;1417,95;1406,71;1417,82;;1;7790537703,8;0
2014-11-07;1422,11;1404,98;1410,88;;1;9783722635,375;0
2014-11-06;1422,61;1406,31;1415,30;;1;12605367989,608;0
2014-11-05;1414,09;1406,49;1414,09;;1;10125107739,7;0
2014-11-04;1407,51;1397,34;1399,87;;1;10005512888,05;0
2014-11-03;1414,93;1396,23;1399,05;;1;10537108845,65;0
2014-10-31;1414,08;1404,19;1412,84;;1;7036500509,655;0
2014-10-30;1398,02;1379,91;1397,18;;1;11181880333,251;0
2014-10-29;1393,46;1383,49;1389,95;;1;12362124342,75;0
2014-10-28;1381,29;1364,86;1380,83;;1;12960912270,075;0
2014-10-27;1374,07;1348,79;1360,33;;1;11079799282,735;0
2014-10-24;1367,34;1353,82;1358,57;;1;13121780037,517;0
2014-10-23;1363,70;1336,11;1361,88;;1;13636053888,858;0
2014-10-22;1348,15;1334,13;1344,34;;1;13160500592,506;0
2014-10-21;1338,12;1301,51;1338,12;;1;14670202814,81;0
2014-10-20;1310,83;1293,24;1306,44;;1;12280976932,205;0
2014-10-17;1310,46;1267,78;1310,46;;1;15200962299,662;0
2014-10-16;1285,33;1246,56;1271,01;;1;19271195763,925;0
2014-10-15;1309,03;1269,91;1269,91;;1;17308239971,27;0
2014-10-14;1308,93;1287,73;1307,86;;1;12827351808,822;0
2014-10-13;1308,02;1289,33;1294,64;;1;10367619207,545;0
2014-10-10;1316,93;1297,46;1302,34;;1;12759660460,022;0
2014-10-09;1348,81;1316,15;1322,31;;1;11992613698,43;0
2014-10-08;1336,43;1325,99;1331,83;;1;10712782468,235;0
2014-10-07;1364,04;1337,63;1337,63;;1;11861366442,13;0
2014-10-06;1380,73;1365,67;1365,71;;1;8501177072,158;0
2014-10-03;1371,42;1360,97;1369,52;;1;8164771913,77;0
2014-10-02;1382,22;1353,93;1353,93;;1;11490184558,18;0
2014-10-01;1399,80;1381,59;1381,59;;1;10981701752,368;0
2014-09-30;1403,22;1390,89;1403,00;;1;11014117080,95;0
2014-09-29;1400,11;1384,09;1392,39;;1;7409696359,243;0
2014-09-26;1400,31;1387,31;1396,20;;1;9194857486,972;0
2014-09-25;1413,88;1391,01;1393,09;;1;11991921398,014;0
2014-09-24;1411,23;1399,40;1411,23;;1;11918910963,51;0
2014-09-23;1417,48;1405,32;1405,32;;1;12799787767,574;0
2014-09-22;1423,60;1412,79;1418,29;;1;8874863159,02;0
2014-09-19;1424,22;1418,23;1421,48;;1;11654194300,53;0
2014-09-18;1416,80;1406,84;1416,79;;1;10588779877,37;0
2014-09-17;1409,12;1399,29;1407,04;;1;8615436365,14;0
2014-09-16;1395,29;1384,55;1395,29;;1;8575620405,465;0
2014-09-15;1396,87;1380,22;1393,22;;1;8235261947,2;0
2014-09-12;1389,60;1383,12;1388,59;;1;7781717903,401;0
2014-09-11;1394,05;1378,44;1382,85;;1;9486212860,698;0
2014-09-10;1388,31;1376,18;1387,38;;1;8849762455,641;0
2014-09-09;1391,31;1382,56;1382,78;;1;8882794281,633;0
2014-09-08;1392,73;1383,35;1392,73;;1;8833044889,139;0
2014-09-05;1398,05;1384,86;1388,39;;1;9618891571,869;0
2014-09-04;1402,34;1392,20;1397,99;;1;10135398908,132;0
2014-09-03;1402,18;1391,88;1398,48;;1;9601145982,625;0
2014-09-02;1391,94;1384,69;1387,94;;1;7539048881,266;0
2014-09-01;1393,59;1382,47;1386,97;;1;6428018904;0
2014-08-29;1388,99;1382,10;1388,89;;1;8309239748,6;0
2014-08-28;1394,83;1380,59;1383,03;;1;8955783413,5;0
2014-08-27;1398,48;1392,81;1397,41;;1;6803073703,829;0
2014-08-26;1397,54;1388,73;1397,54;;1;6898188978,59;0
2014-08-25;1394,69;1385,56;1394,69;;1;5878598034,1;0
2014-08-22;1388,07;1378,17;1382,72;;1;6401152720,3;0
2014-08-21;1385,18;1373,38;1385,03;;1;8321437030,65;0
2014-08-20;1381,02;1367,87;1373,50;;1;6923575044,95;0
2014-08-19;1376,61;1369,60;1376,61;;1;6750807370,55;0
2014-08-18;1369,32;1362,32;1369,32;;1;6121855647,458;0
2014-08-15;1368,51;1352,98;1352,98;;1;8584667199,775;0
2014-08-14;1357,64;1350,04;1353,94;;1;6724439369,6;0
2014-08-13;1361,82;1354,81;1361,82;;1;7915946321,42;0
2014-08-12;1356,50;1346,93;1349,96;;1;7858729221,965;0
2014-08-11;1358,16;1339,83;1357,36;;1;8172141685,785;0
2014-08-08;1333,85;1320,99;1331,56;;1;8538086286,775;0
2014-08-07;1349,70;1334,06;1334,40;;1;7857918804,987;0
2014-08-06;1358,48;1342,19;1344,30;;1;9758437908,601;0
2014-08-05;1368,29;1360,47;1366,13;;1;6272728986,325;0
2014-08-04;1371,54;1360,14;1361,03;;1;6129235710,791;0
2014-08-01;1383,55;1360,53;1361,44;;1;8270819175,9;0
2014-07-31;1400,36;1377,29;1379,87;;1;8252777626,975;0
2014-07-30;1402,96;1395,86;1398,23;;1;5803882851,75;0
2014-07-29;1404,72;1397,18;1397,89;;1;5032878778,665;0
2014-07-28;1408,20;1395,23;1400,87;;1;5188109015,125;0
2014-07-25;1408,57;1401,00;1404,12;;1;5997557462,25;0
2014-07-24;1407,55;1397,04;1405,70;;1;7560161346,775;0
2014-07-23;1401,91;1395,34;1398,13;;1;7575443373,872;0
2014-07-22;1399,09;1389,98;1399,09;;1;7951341797,9;0
2014-07-21;1389,92;1378,64;1383,53;;1;8452158725,118;0
2014-07-18;1388,82;1373,45;1387,37;;1;14842635110,772;0
2014-07-17;1390,88;1376,36;1376,36;;1;11393612032,435;0
2014-07-16;1393,12;1374,86;1393,12;;1;9128025795,725;0
2014-07-15;1386,03;1368,83;1372,25;;1;8317591330,95;0
2014-07-14;1383,04;1367,96;1382,55;;1;6947287331,45;0
2014-07-11;1366,53;1356,24;1362,35;;1;7240627383,79;0
2014-07-10;1379,09;1355,55;1357,82;;1;9124128160,585;0
2014-07-09;1385,43;1376,68;1379,77;;1;6285312828,7;0
2014-07-08;1399,88;1381,59;1381,59;;1;7184750102,45;0
2014-07-07;1404,68;1396,35;1397,11;;1;6169924016,35;0
2014-07-04;1409,17;1399,94;1399,94;;1;6454355732,904;0
2014-07-03;1409,44;1390,01;1409,44;;1;11132091805,205;0
2014-07-02;1390,02;1384,71;1388,11;;1;6951765960,225;0
2014-07-01;1384,36;1372,88;1384,36;;1;7657542771,084;0
2014-06-30;1384,13;1375,04;1376,81;;1;7382467901,735;0
2014-06-27;1379,02;1372,70;1379,02;;1;6849247804,922;0
2014-06-26;1383,16;1369,65;1372,38;;1;7274397208,435;0
2014-06-25;1393,82;1375,26;1380,50;;1;9297476481,16;0
2014-06-24;1400,56;1393,00;1400,37;;1;9204094463,781;0
2014-06-23;1399,17;1381,23;1396,08;;1;8635363372,15;0
2014-06-19;1391,52;1383,23;1386,04;;1;9318929948,605;0
2014-06-18;1389,61;1378,42;1378,42;;1;9422118143,025;0
2014-06-17;1390,09;1380,17;1384,27;;1;7418393275,665;0
2014-06-16;1392,16;1380,28;1382,98;;1;9202363105,455;0
2014-06-13;1397,39;1383,29;1390,15;;1;8473601446,268;0
2014-06-12;1402,66;1395,49;1397,67;;1;7830256085,065;0
2014-06-11;1410,09;1398,28;1400,35;;1;8959526786,347;0
2014-06-10;1406,74;1401,50;1406,22;;1;8664050384,384;0
2014-06-09;1406,44;1400,96;1406,44;;1;8887551370,605;0
2014-06-05;1401,23;1391,20;1391,20;;1;11029263613,168;0
2014-06-04;1397,90;1391,84;1397,47;;1;6735786068,786;0
2014-06-03;1398,86;1392,19;1395,77;;1;7192317681,108;0
2014-06-02;1406,26;1397,90;1399,40;;1;9366225337,942;0
2014-05-30;1404,63;1393,16;1402,08;;1;10609673853,575;0
2014-05-28;1397,72;1389,74;1392,85;;1;4059934200,996;0
2014-05-27;1399,34;1389,03;1395,39;;1;8125100961,89;0
2014-05-26;1397,47;1393,57;1394,15;;1;6220974481,196;0
2014-05-23;1392,30;1382,54;1392,28;;1;7878505122,217;0
2014-05-22;1391,00;1384,11;1388,52;;1;9119636255,825;0
2014-05-21;1389,05;1374,66;1385,86;;1;10477330816,73;0
2014-05-20;1384,37;1380,01;1381,27;;1;11108679397,59;0
2014-05-19;1382,42;1372,34;1379,92;;1;13814352970,07;0
2014-05-16;1384,18;1377,40;1382,14;;1;10623134438,167;0
2014-05-15;1386,50;1376,50;1385,84;;1;15629653826,411;0
2014-05-14;1375,93;1369,45;1375,93;;1;8059876031,955;0
2014-05-13;1373,62;1367,65;1373,62;;1;10385090819,58;0
2014-05-12;1364,81;1357,48;1364,78;;1;10092960966,069;0
2014-05-09;1358,77;1351,23;1354,34;;1;8642070195,851;0
2014-05-08;1359,13;1345,41;1359,13;;1;10151844362,865;0
2014-05-07;1352,79;1341,83;1343,13;;1;11705395188,82;0
2014-05-06;1364,60;1350,74;1352,98;;1;10690794669,795;0
2014-05-05;1362,61;1346,31;1358,59;;1;8324668493,495;0
2014-05-02;1369,31;1357,92;1360,19;;1;12010913911,97;0
2014-04-30;1367,80;1362,90;1364,39;;1;7389038606,7;0
2014-04-29;1371,71;1358,41;1371,65;;1;15353375994,58;0
2014-04-28;1368,39;1353,48;1357,56;;1;12525885598,401;0
2014-04-25;1368,33;1357,73;1360,35;;1;11686725826,583;0
2014-04-24;1369,38;1351,06;1365,27;;1;14521549745,89;0
2014-04-23;1364,35;1352,47;1353,06;;1;11862880262,77;0
2014-04-22;1369,45;1354,54;1369,45;;1;10633907386,81;0
2014-04-17;1345,75;1338,93;1341,56;;1;4173950601,635;0
2014-04-16;1342,55;1336,64;1342,55;;1;8267509593,46;0
2014-04-15;1351,73;1328,82;1329,28;;1;9961094600,727;0
2014-04-14;1349,97;1332,12;1348,22;;1;10114748234,205;0
2014-04-11;1348,43;1330,71;1344,12;;1;13629102522,778;0
2014-04-10;1373,32;1354,99;1354,99;;1;9939791656,864;0
2014-04-09;1371,65;1364,40;1366,53;;1;9927707843,775;0
2014-04-08;1363,52;1352,17;1361,53;;1;10448453753,354;0
2014-04-07;1363,73;1356,65;1357,31;;1;9350772669,418;0
2014-04-04;1376,48;1366,41;1369,69;;1;9967205442,899;0
2014-04-03;1375,17;1368,35;1368,88;;1;10701195387,4;0
2014-04-02;1382,13;1374,18;1377,50;;1;8426893629,37;0
2014-04-01;1377,38;1367,45;1375,01;;1;9947572787,9;0
2014-03-31;1365,03;1349,82;1364,97;;1;11647888010,255;0
2014-03-28;1350,26;1342,77;1346,48;;1;10152169379,03;0
2014-03-27;1344,29;1337,36;1341,69;;1;12690282300,945;0
2014-03-26;1359,28;1349,46;1351,48;;1;11401428145,38;0
2014-03-25;1350,77;1337,82;1350,67;;1;11267210489,94;0
2014-03-24;1353,66;1335,50;1335,50;;1;11653942711,5;0
2014-03-21;1354,89;1345,78;1351,43;;1;15062084188,71;0
2014-03-20;1352,47;1342,71;1352,47;;1;11251946835,356;0
2014-03-19;1362,94;1356,63;1360,48;;1;11382312764,421;0
2014-03-18;1362,08;1344,04;1359,07;;1;11717140582,94;0
2014-03-17;1350,48;1327,24;1349,39;;1;8973894082,9;0
2014-03-14;1329,95;1317,92;1326,82;;1;11585574228,723;0
2014-03-13;1351,25;1336,70;1337,23;;1;8903625413,89;0
2014-03-12;1355,22;1342,68;1346,36;;1;9741442494,185;0
2014-03-11;1365,53;1353,24;1359,18;;1;10351616592,399;0
2014-03-10;1367,19;1354,35;1359,93;;1;8616797943,93;0
2014-03-07;1376,32;1356,60;1358,36;;1;12048597118,22;0
2014-03-06;1376,45;1370,50;1374,32;;1;10862947533,91;0
2014-03-05;1368,14;1361,99;1364,92;;1;12080354473,766;0
2014-03-04;1363,51;1343,66;1363,44;;1;11798170736,685;0
2014-03-03;1349,53;1334,09;1335,56;;1;14104721639,325;0
2014-02-28;1371,30;1363,49;1369,13;;1;9157064123,899;0
2014-02-27;1373,66;1359,12;1368,83;;1;8930326824,8;0
2014-02-26;1373,68;1368,20;1373,36;;1;7903627134,72;0
2014-02-25;1372,51;1363,04;1371,94;;1;12083989837,118;0
2014-02-24;1370,11;1351,33;1370,11;;1;15392614077,57;0
2014-02-21;1350,17;1343,29;1349,12;;1;10938922190,434;0
2014-02-20;1341,87;1325,01;1341,85;;1;9723352723,015;0
2014-02-19;1338,00;1324,63;1338,00;;1;9704560236,375;0
2014-02-18;1343,36;1325,82;1329,04;;1;10377243398,959;0
2014-02-17;1345,58;1338,79;1342,20;;1;5984873038,88;0
2014-02-14;1337,14;1328,72;1335,89;;1;7967654755,877;0
2014-02-13;1330,41;1318,38;1330,38;;1;9129688918,14;0
2014-02-12;1341,14;1330,00;1330,02;;1;10968020883,928;0
2014-02-11;1335,12;1322,52;1335,12;;1;9255368095,445;0
2014-02-10;1319,41;1313,42;1318,65;;1;8435666188,995;0
2014-02-07;1315,41;1308,33;1313,20;;1;12737487558,765;0
2014-02-06;1313,83;1298,03;1308,14;;1;16309943571,785;0
2014-02-05;1295,81;1283,96;1292,46;;1;13979446750,239;0
2014-02-04;1283,90;1275,77;1280,99;;1;10337736984,35;0
2014-02-03;1312,32;1285,21;1285,91;;1;11608885344,78;0
2014-01-31;1306,29;1292,04;1304,45;;1;14756954489,723;0
2014-01-30;1311,12;1297,52;1302,83;;1;14442133791,81;0
2014-01-29;1327,25;1295,61;1310,13;;1;19574004379,245;0
2014-01-28;1321,30;1309,22;1318,41;;1;15543028007,18;0
2014-01-27;1318,85;1307,83;1317,24;;1;12635276575,118;0
2014-01-24;1344,69;1318,48;1318,53;;1;11869296960,638;0
2014-01-23;1354,84;1337,52;1339,80;;1;12425367644,634;0
2014-01-22;1358,55;1349,76;1355,24;;1;12333189369,126;0
2014-01-21;1355,37;1348,66;1350,02;;1;12170818358,98;0
2014-01-20;1352,78;1346,80;1350,98;;1;7576563980,19;0
2014-01-17;1351,83;1341,12;1350,10;;1;11141664658,368;0
2014-01-16;1345,22;1340,12;1342,65;;1;10022620418,911;0
2014-01-15;1343,93;1329,39;1342,99;;1;10611508435,789;0
2014-01-14;1325,51;1313,92;1323,89;;1;11196684041,194;0
2014-01-13;1335,52;1328,33;1328,65;;1;8561155441,409;0
2014-01-10;1334,47;1325,96;1329,84;;1;9569294333,877;0
2014-01-09;1332,66;1322,30;1323,58;;1;8927524004,002;0
2014-01-08;1332,22;1323,20;1324,83;;1;10780865709,48;0
2014-01-07;1330,09;1323,37;1326,24;;1;11532196415,85;0
2014-01-03;1330,69;1320,52;1325,12;;1;5761827032,788;0
2014-01-02;1334,71;1320,76;1324,35;;1;8665994836,96;0
2013-12-30;1338,53;1326,73;1332,95;;1;7470252945,209;0
2013-12-27;1335,59;1326,66;1334,42;;1;6158209580,96;0
2013-12-23;1320,56;1311,52;1320,56;;1;7902083297,275;0
2013-12-20;1311,38;1296,56;1309,92;;1;15588740485,622;0
2013-12-19;1300,89;1286,05;1300,89;;1;12522626475,947;0
2013-12-18;1277,46;1268,49;1275,12;;1;10207752725,4;0
2013-12-17;1275,01;1262,83;1263,26;;1;8318813278,595;0
2013-12-16;1269,11;1254,13;1269,08;;1;8908641246,765;0
2013-12-13;1261,81;1252,69;1255,71;;1;8747137123,45;0
2013-12-12;1265,15;1253,23;1255,00;;1;9736608655,401;0
2013-12-11;1276,29;1265,28;1268,05;;1;8043182154,57;0
2013-12-10;1282,67;1266,96;1270,20;;1;10222359368,005;0
2013-12-09;1284,78;1273,92;1283,35;;1;9703723946,31;0
2013-12-06;1278,69;1263,30;1274,63;;1;8840908555,165;0
2013-12-05;1284,20;1269,51;1269,51;;1;8791645100,115;0
2013-12-04;1288,30;1269,42;1279,03;;1;9444099445,079;0
2013-12-03;1305,11;1278,98;1281,32;;1;10382610296,615;0
2013-12-02;1309,09;1301,11;1304,58;;1;6702242471,31;0
2013-11-29;1314,85;1307,71;1307,71;;1;9058665622,43;0
2013-11-28;1316,30;1310,71;1315,21;;1;6346363926,57;0
2013-11-27;1311,47;1305,22;1310,13;;1;5835214765,36;0
2013-11-26;1308,13;1304,07;1305,78;;1;9221935132,75;0
2013-11-25;1306,13;1301,22;1306,13;;1;6403957204,685;0
2013-11-22;1297,87;1290,45;1297,87;;1;7432947855,99;0
2013-11-21;1290,58;1281,77;1290,50;;1;7266145639,095;0
2013-11-20;1298,28;1289,67;1294,70;;1;7641972923,265;0
2013-11-19;1301,17;1296,41;1299,51;;1;6825080542,83;0
2013-11-18;1305,43;1293,43;1304,80;;1;9040386305,41;0
2013-11-15;1296,76;1289,77;1295,93;;1;9207893702,405;0
2013-11-14;1289,46;1281,84;1289,17;;1;9161300922,635;0
2013-11-13;1278,37;1269,75;1274,70;;1;8899707052,901;0
2013-11-12;1288,01;1278,91;1279,86;;1;7897218677,33;0
2013-11-11;1287,99;1282,67;1287,71;;1;5882797269,995;0
2013-11-08;1287,15;1274,95;1281,86;;1;8313587683,73;0
2013-11-07;1296,48;1279,85;1284,69;;1;11262301487,495;0
2013-11-06;1288,14;1275,12;1283,48;;1;10448501345,073;0
2013-11-05;1285,29;1271,58;1274,07;;1;8504881747,197;0
2013-11-04;1286,32;1279,73;1281,41;;1;7266454288,038;0
2013-11-01;1285,49;1274,95;1278,42;;1;4189177182,325;0
2013-10-31;1290,68;1281,88;1283,52;;1;9462784795,035;0
2013-10-30;1295,60;1287,95;1291,14;;1;8950882472,65;0
2013-10-29;1293,70;1285,01;1290,78;;1;9391742233,065;0
2013-10-28;1294,97;1285,30;1288,42;;1;9998508870,883;0
2013-10-25;1291,61;1284,31;1290,63;;1;13670530426,715;0
2013-10-24;1298,66;1290,02;1298,60;;1;11807955791,209;0
2013-10-23;1295,10;1288,79;1291,62;;1;11205723252,81;0
2013-10-22;1300,92;1291,03;1300,23;;1;13745768850,696;0
2013-10-21;1290,76;1284,24;1288,55;;1;8610776034,83;0
2013-10-18;1283,90;1268,35;1283,90;;1;9888790834,58;0
2013-10-17;1269,11;1257,99;1266,91;;1;9964454575,055;0
2013-10-16;1266,94;1253,77;1266,01;;1;9027880884,785;0
2013-10-15;1272,39;1262,50;1265,46;;1;10616509080,899;0
2013-10-14;1262,01;1254,46;1258,72;;1;6561981157,57;0
2013-10-11;1268,01;1260,24;1266,39;;1;7383658276,03;0
2013-10-10;1261,62;1242,17;1260,52;;1;8670220340,305;0
2013-10-09;1245,85;1234,04;1235,36;;1;8658352173,443;0
2013-10-08;1247,85;1239,92;1241,82;;1;9327264731,847;0
2013-10-07;1249,35;1239,26;1246,86;;1;7702761023,75;0
2013-10-04;1258,83;1250,83;1251,39;;1;8340233845,515;0
2013-10-03;1267,98;1254,57;1256,27;;1;9028569864,065;0
2013-10-02;1265,28;1255,53;1260,24;;1;8598319576,28;0
2013-10-01;1269,25;1258,62;1268,35;;1;8176662110,282;0
2013-09-30;1262,14;1253,29;1259,60;;1;10162238069,015;0
2013-09-27;1279,67;1266,24;1269,48;;1;9030468176,825;0
2013-09-26;1277,41;1272,27;1275,23;;1;12995633800,485;0
2013-09-25;1276,65;1263,03;1265,69;;1;15127537241,412;0
2013-09-24;1282,73;1274,78;1282,73;;1;10740373877,169;0
2013-09-23;1286,69;1273,34;1274,77;;1;8118139306,312;0
2013-09-20;1287,01;1283,19;1285,78;;1;8964083130,06;0
2013-09-19;1291,88;1282,92;1286,49;;1;10745379064,28;0
2013-09-18;1277,12;1271,38;1276,74;;1;8689508054,2;0
2013-09-17;1277,53;1273,62;1274,22;;1;8006567731,72;0
2013-09-16;1279,99;1273,77;1278,41;;1;9502293792,212;0
2013-09-13;1266,89;1262,21;1265,97;;1;7436003673,644;0
2013-09-12;1271,38;1265,18;1268,30;;1;9962979358,7;0
2013-09-11;1274,16;1265,86;1270,66;;1;9182343597,162;0
2013-09-10;1268,25;1255,68;1268,22;;1;10210123657,83;0
2013-09-09;1251,05;1242,49;1249,11;;1;7144312718,312;0
2013-09-06;1250,13;1238,45;1249,05;;1;11002963597,137;0
2013-09-05;1250,11;1241,59;1243,90;;1;11092868098,125;0
2013-09-04;1244,59;1232,71;1242,52;;1;7398796155,132;0
2013-09-03;1240,99;1226,22;1238,64;;1;11694317287,305;0
2013-09-02;1232,38;1220,98;1230,88;;1;6675217731,2;0
2013-08-30;1226,23;1214,02;1214,35;;1;8467833461,813;0
2013-08-29;1225,53;1218,42;1224,31;;1;7361654625,345;0
2013-08-28;1226,02;1206,12;1218,15;;1;9100430420,433;0
2013-08-27;1241,41;1222,44;1224,85;;1;9623754636,754;0
2013-08-26;1246,95;1234,91;1245,99;;1;5753277960,261;0
2013-08-23;1243,82;1234,84;1243,82;;1;6282943797,87;0
2013-08-22;1241,44;1226,56;1237,14;;1;7382767599,14;0
2013-08-21;1250,03;1226,05;1226,05;;1;8303832254,425;0
2013-08-20;1248,24;1236,69;1247,15;;1;6923491808,072;0
2013-08-19;1257,45;1250,17;1250,84;;1;8081381501,192;0
2013-08-16;1255,21;1240,83;1255,02;;1;6757457940,545;0
2013-08-15;1258,72;1238,41;1245,35;;1;7737317010,71;0
2013-08-14;1265,88;1260,20;1262,48;;1;6500388517,45;0
2013-08-13;1263,57;1254,08;1260,44;;1;8911384142,916;0
2013-08-12;1257,21;1250,02;1253,69;;1;7115864236,615;0
2013-08-09;1258,07;1249,94;1253,79;;1;6758354976,695;0
2013-08-08;1254,36;1245,08;1249,22;;1;6706200308,685;0
2013-08-07;1244,30;1236,09;1240,41;;1;6661345714,235;0
2013-08-06;1254,00;1239,95;1242,12;;1;6785457668,493;0
2013-08-05;1253,65;1248,31;1251,77;;1;4593385618,7;0
2013-08-02;1252,82;1246,06;1250,54;;1;5344624414,45;0
2013-08-01;1248,38;1240,10;1248,38;;1;5830411486,795;0
2013-07-31;1242,05;1233,30;1234,07;;1;5741606230,04;0
2013-07-30;1238,78;1230,50;1236,86;;1;5525214970,23;0
2013-07-29;1236,29;1224,89;1226,98;;1;5122905459,64;0
2013-07-26;1237,26;1224,66;1227,86;;1;5641767976,905;0
2013-07-25;1232,95;1220,73;1232,95;;1;7297372237,67;0
2013-07-24;1232,61;1220,08;1230,34;;1;7784160321,187;0
2013-07-23;1222,46;1215,05;1216,68;;1;6893866690,97;0
2013-07-22;1225,17;1210,24;1213,38;;1;7193843899,99;0
2013-07-19;1221,21;1208,71;1221,21;;1;10822804167,44;0
2013-07-18;1219,57;1207,42;1217,57;;1;12442594173,025;0
2013-07-17;1218,38;1205,71;1211,10;;1;10519746380,725;0
2013-07-16;1219,69;1210,40;1212,62;;1;9443834392,689;0
2013-07-15;1222,60;1213,89;1215,23;;1;7555287819,17;0
2013-07-12;1216,92;1210,57;1210,73;;1;7502633812,53;0
2013-07-11;1211,37;1204,89;1211,37;;1;8385894467,025;0
2013-07-10;1197,34;1185,81;1195,31;;1;7380481447,91;0
2013-07-09;1194,77;1185,18;1194,75;;1;7781088363,11;0
2013-07-08;1186,96;1173,52;1182,64;;1;6315376998,62;0
2013-07-05;1186,33;1164,84;1167,52;;1;7588348602,055;0
2013-07-04;1178,30;1158,83;1175,22;;1;8473918872,18;0
2013-07-03;1154,73;1141,90;1154,54;;1;7293460061,79;0
2013-07-02;1167,34;1153,88;1161,38;;1;8088329782,33;0
2013-07-01;1165,98;1150,39;1165,64;;1;8904046711,895;0
2013-06-28;1166,36;1150,26;1151,00;;1;10947331964,79;0
2013-06-27;1163,34;1144,07;1161,00;;1;8935604437,182;0
2013-06-26;1147,82;1128,77;1144,78;;1;9905927703,135;0
2013-06-25;1133,21;1117,88;1129,25;;1;13183324646,435;0
2013-06-24;1129,34;1108,96;1112,14;;1;13852624609,2;0
2013-06-20;1163,66;1137,12;1138,60;;1;16290027302,77;0
2013-06-19;1192,21;1174,16;1174,84;;1;17896939139,429;0
2013-06-18;1198,12;1183,40;1193,95;;1;7737997458,051;0
2013-06-17;1196,45;1180,23;1191,39;;1;7954887551,205;0
2013-06-14;1185,21;1174,42;1177,59;;1;9601390158,009;0
2013-06-13;1174,03;1155,94;1173,57;;1;10920852342,896;0
2013-06-12;1192,91;1176,53;1177,26;;1;8319783982,49;0
2013-06-11;1190,97;1178,54;1184,62;;1;10715016441,9;0
2013-06-10;1197,17;1188,91;1192,86;;1;7737665064,205;0
2013-06-07;1197,98;1175,53;1192,98;;1;11839145770,965;0
2013-06-05;1205,17;1182,77;1185,04;;1;8816168432,238;0
2013-06-04;1220,00;1205,47;1207,56;;1;7590901162,603;0
2013-06-03;1222,66;1202,39;1209,71;;1;8464718503,39;0
2013-05-31;1225,55;1209,56;1214,77;;1;11831853039,255;0
2013-05-30;1229,04;1216,66;1225,18;;1;7842913064,3;0
2013-05-29;1238,24;1220,49;1222,37;;1;8342726201,935;0
2013-05-28;1245,80;1236,40;1244,04;;1;8148106092,502;0
2013-05-27;1231,68;1220,68;1231,68;;1;4047434222,275;0
2013-05-24;1231,29;1214,82;1217,06;;1;7775797685,805;0
2013-05-23;1234,17;1216,05;1224,45;;1;12326736754,265;0
2013-05-22;1257,56;1246,28;1254,57;;1;8960855425,916;0
2013-05-21;1248,16;1236,31;1248,14;;1;9132803786,76;0
2013-05-20;1250,10;1240,04;1243,37;;1;7766061214,905;0
2013-05-17;1244,67;1232,53;1244,25;;1;10169919656,69;0
2013-05-16;1239,91;1228,82;1235,00;;1;9786962323,375;0
2013-05-15;1230,40;1222,91;1230,12;;1;7726928622,707;0
2013-05-14;1225,98;1218,35;1224,85;;1;8268607766,24;0
2013-05-13;1230,48;1220,81;1223,89;;1;8138823122,84;0
2013-05-10;1232,85;1223,37;1227,31;;1;11405579501,242;0
2013-05-08;1221,83;1209,27;1221,83;;1;5056711720,855;0
2013-05-07;1215,14;1207,19;1208,10;;1;10280811002,984;0
2013-05-06;1207,20;1200,00;1205,17;;1;5709401460,015;0
2013-05-03;1208,61;1190,94;1203,34;;1;9721862776,97;0
2013-05-02;1197,10;1186,79;1194,42;;1;11414040699,371;0
2013-04-30;1204,04;1198,33;1198,99;;1;6324332734,161;0
2013-04-29;1200,20;1188,38;1198,11;;1;9648545568,225;0
2013-04-26;1196,55;1186,75;1194,66;;1;13021450093,132;0
2013-04-25;1198,33;1174,66;1194,86;;1;14708471042,67;0
2013-04-24;1176,91;1161,05;1176,91;;1;13786343467,945;0
2013-04-23;1172,79;1143,83;1172,79;;1;15913451594,214;0
2013-04-22;1158,29;1142,81;1143,30;;1;11066371332,735;0
2013-04-19;1153,99;1143,46;1147,31;;1;9646317511,795;0
2013-04-18;1155,47;1140,69;1146,65;;1;11335931526,08;0
2013-04-17;1171,06;1146,52;1147,48;;1;15025223313,38;0
2013-04-16;1177,20;1164,40;1167,48;;1;10360262772,745;0
2013-04-15;1186,94;1168,57;1177,61;;1;10031923856,185;0
2013-04-12;1192,40;1183,34;1185,33;;1;9099142854,574;0
2013-04-11;1197,37;1190,44;1195,53;;1;8508031493,66;0
2013-04-10;1194,67;1175,73;1193,66;;1;11215994187,83;0
2013-04-09;1178,40;1169,38;1175,62;;1;9168836394,244;0
2013-04-08;1177,83;1162,09;1164,85;;1;7838709548,66;0
2013-04-05;1184,80;1162,07;1168,79;;1;11215574691,2;0
2013-04-04;1201,46;1179,82;1183,01;;1;11101903992,074;0
2013-04-03;1210,36;1201,01;1203,38;;1;9325982516,03;0
2013-04-02;1211,25;1200,90;1210,08;;1;9890690328,107;0
2013-03-28;1203,44;1192,75;1201,19;;1;5508011129,95;0
2013-03-27;1200,20;1185,06;1194,49;;1;8881305547,464;0
2013-03-26;1199,91;1192,35;1194,99;;1;8971819902,251;0
2013-03-25;1206,78;1191,50;1195,58;;1;10126959102,05;0
2013-03-22;1196,98;1179,75;1196,43;;1;10652064240,178;0
2013-03-21;1198,48;1183,63;1187,72;;1;11497486163,276;0
2013-03-20;1205,83;1198,05;1203,10;;1;10722847158,539;0
2013-03-19;1210,19;1195,39;1195,98;;1;15122960275,52;0
2013-03-18;1211,85;1194,83;1209,67;;1;10167847648,443;0
2013-03-15;1218,99;1213,82;1217,35;;1;13630344725,889;0
2013-03-14;1222,80;1214,88;1221,85;;1;9102403946,383;0
2013-03-13;1211,47;1202,99;1210,89;;1;8358510001,162;0
2013-03-12;1219,50;1208,30;1208,52;;1;10821333922,826;0
2013-03-11;1218,28;1212,10;1218,08;;1;6212394339,16;0
2013-03-08;1219,83;1211,40;1215,14;;1;8894321156,865;0
2013-03-07;1213,33;1206,07;1208,09;;1;9984751479,965;0
2013-03-06;1221,00;1208,10;1208,39;;1;9333840437,12;0
2013-03-05;1219,22;1208,55;1217,41;;1;10791005056,668;0
2013-03-04;1203,64;1190,37;1203,47;;1;7590414094,095;0
2013-03-01;1203,76;1189,77;1199,21;;1;8499119033,495;0
2013-02-28;1200,00;1192,52;1199,40;;1;9262152864,715;0
2013-02-27;1194,13;1178,53;1194,07;;1;7965258966,12;0
2013-02-26;1191,67;1180,76;1180,90;;1;10448270293,43;0
2013-02-25;1212,32;1197,90;1199,44;;1;9459687168,45;0
2013-02-22;1207,36;1191,26;1205,10;;1;9710500017,36;0
2013-02-21;1195,14;1184,56;1188,95;;1;9975605575,97;0
2013-02-20;1201,28;1191,68;1200,54;;1;10934123205,358;0
2013-02-19;1193,80;1183,79;1193,77;;1;9315262224,978;0
2013-02-18;1186,45;1181,09;1185,98;;1;6548373702,94;0
2013-02-15;1187,52;1180,56;1183,43;;1;9244967136,271;0
2013-02-14;1184,55;1176,98;1182,91;;1;11380348455,637;0
2013-02-13;1186,02;1176,64;1185,46;;1;9486472811,568;0
2013-02-12;1176,68;1166,37;1175,98;;1;8098384392,577;0
2013-02-11;1176,28;1166,26;1171,01;;1;8978090409,765;0
2013-02-08;1175,64;1165,52;1175,05;;1;10207373457,14;0
2013-02-07;1177,06;1163,65;1165,71;;1;10670488428,48;0
2013-02-06;1181,03;1168,67;1174,79;;1;14462086755,565;0
2013-02-05;1175,54;1156,82;1175,54;;1;11965493748,889;0
2013-02-04;1177,41;1160,48;1161,19;;1;11626030944,65;0
2013-02-01;1178,87;1167,53;1176,11;;1;13060699543,29;0
2013-01-31;1182,12;1168,25;1169,17;;1;17311793923,401;0
2013-01-30;1173,38;1162,97;1173,38;;1;15802347932,02;0
2013-01-29;1161,97;1155,74;1161,97;;1;8603969124,095;0
2013-01-28;1162,49;1157,66;1160,25;;1;9539287663,202;0
2013-01-25;1158,50;1144,71;1158,50;;1;9238356363,125;0
2013-01-24;1146,93;1137,84;1146,93;;1;10779232683,884;0
2013-01-23;1141,99;1136,75;1140,82;;1;9032492767,548;0
2013-01-22;1142,96;1135,33;1139,15;;1;8946618244,07;0
2013-01-21;1143,63;1135,01;1143,09;;1;7680613640,957;0
2013-01-18;1141,17;1133,46;1135,02;;1;7910545111,5;0
2013-01-17;1137,73;1129,44;1136,20;;1;9410221434,87;0
2013-01-16;1130,65;1123,74;1130,62;;1;7435926568,29;0
2013-01-15;1133,97;1125,39;1127,51;;1;11286812586,312;0
2013-01-14;1138,07;1130,78;1132,84;;1;7817484120,143;0
2013-01-11;1132,28;1126,66;1132,28;;1;8884670121,625;0
2013-01-10;1131,27;1125,40;1126,87;;1;10666523218,23;0
2013-01-09;1128,66;1118,98;1127,67;;1;7908749911,28;0
2013-01-08;1133,28;1124,32;1125,39;;1;7779880185,03;0
2013-01-07;1137,37;1130,13;1130,13;;1;7778813073,097;0
2013-01-04;1136,77;1126,38;1136,77;;1;6609913294,59;0
2013-01-03;1130,89;1126,10;1130,40;;1;6090218161,09;0
2013-01-02;1129,96;1116,62;1129,96;;1;7805855614,04;0
2012-12-28;1114,00;1104,69;1104,73;;1;7067175076,393;0
2012-12-27;1114,05;1104,07;1110,91;;1;6127209654,575;0
2012-12-21;1109,14;1097,98;1107,93;;1;8934158301,954;0
2012-12-20;1109,20;1101,91;1108,07;;1;7336610757,157;0
2012-12-19;1110,03;1103,95;1108,94;;1;9229608566,72;0
2012-12-18;1108,75;1103,10;1107,48;;1;9699295935,435;0
2012-12-17;1102,41;1094,80;1101,71;;1;7541328517,23;0
2012-12-14;1099,07;1093,55;1098,08;;1;7725912857,12;0
2012-12-13;1103,88;1092,12;1092,12;;1;12459644802,84;0
2012-12-12;1109,98;1102,22;1103,35;;1;7208943396,38;0
2012-12-11;1109,56;1101,99;1108,96;;1;7816811163,37;0
2012-12-10;1107,03;1093,55;1105,95;;1;8262568772,596;0
2012-12-07;1100,84;1094,66;1098,62;;1;6573653261,47;0
2012-12-06;1102,71;1094,92;1098,03;;1;7902943692,115;0
2012-12-05;1096,26;1090,41;1091,33;;1;6826278294,21;0
2012-12-04;1090,06;1085,16;1088,60;;1;5856403890,395;0
2012-12-03;1096,94;1086,84;1088,88;;1;6434478935,38;0
2012-11-30;1090,94;1083,25;1085,85;;1;9180683985,12;0
2012-11-29;1085,03;1074,22;1085,03;;1;8044214057,31;0
2012-11-28;1069,97;1061,19;1069,39;;1;6638157103,995;0
2012-11-27;1075,56;1068,24;1071,73;;1;6753008238,92;0
2012-11-26;1074,21;1065,11;1068,98;;1;6675689639,767;0
2012-11-23;1071,77;1058,31;1071,77;;1;6240143635,295;0
2012-11-22;1062,19;1054,01;1060,98;;1;6526598313,55;0
2012-11-21;1056,90;1048,16;1053,64;;1;6364793246,53;0
2012-11-20;1055,22;1047,45;1053,91;;1;7165922984,357;0
2012-11-19;1051,36;1034,70;1051,36;;1;7307741411,945;0
2012-11-16;1043,01;1026,47;1027,04;;1;7759066534,885;0
2012-11-15;1045,61;1037,56;1038,33;;1;7580337788,354;0
2012-11-14;1056,87;1048,84;1052,22;;1;8221652429,24;0
2012-11-13;1053,95;1040,13;1052,98;;1;7275738522,604;0
2012-11-12;1057,49;1049,60;1052,30;;1;4943093447,635;0
2012-11-09;1059,45;1043,64;1052,15;;1;6817232115,779;0
2012-11-08;1064,37;1052,50;1055,52;;1;7678285554,185;0
2012-11-07;1079,03;1056,40;1056,40;;1;9538866029,716;0
2012-11-06;1073,88;1063,16;1072,48;;1;8123292315,025;0
2012-11-05;1068,27;1062,18;1063,35;;1;7336349994,353;0
2012-11-02;1069,91;1062,60;1069,91;;1;4127665473,725;0
2012-11-01;1064,08;1047,28;1062,51;;1;8742054722,397;0
2012-10-31;1065,70;1051,96;1052,11;;1;8167282941,259;0
2012-10-30;1061,62;1054,73;1059,20;;1;5637423120,062;0
2012-10-29;1059,51;1051,52;1055,57;;1;5683661688,034;0
2012-10-26;1061,01;1048,17;1059,20;;1;8315969243,731;0
2012-10-25;1062,34;1046,12;1057,74;;1;9580764598,321;0
2012-10-24;1054,72;1034,55;1050,47;;1;13546880390,674;0
2012-10-23;1068,52;1044,20;1048,60;;1;10851611968,775;0
2012-10-22;1075,95;1061,89;1067,28;;1;9091550590,02;0
2012-10-19;1081,39;1064,62;1064,64;;1;9363605303,485;0
2012-10-18;1083,57;1072,49;1082,72;;1;11917179221,494;0
2012-10-17;1076,16;1068,85;1075,50;;1;10765932332,985;0
2012-10-16;1072,86;1062,72;1072,86;;1;8457796394,156;0
2012-10-15;1068,07;1058,00;1063,71;;1;7133609250,495;0
2012-10-12;1064,79;1056,69;1058,70;;1;7210210736,6;0
2012-10-11;1069,02;1055,85;1065,34;;1;7664015368,9;0
2012-10-10;1072,34;1059,46;1061,55;;1;8311145299,441;0
2012-10-09;1084,17;1073,29;1073,66;;1;6980886109,415;0
2012-10-08;1087,97;1078,37;1079,91;;1;5890660637,264;0
2012-10-05;1098,72;1085,55;1093,54;;1;8407404765,645;0
2012-10-04;1085,11;1076,04;1083,09;;1;7704642716,98;0
2012-10-03;1084,20;1076,85;1080,24;;1;7348127038,485;0
2012-10-02;1090,01;1078,10;1084,97;;1;8424885444,345;0
2012-10-01;1086,64;1069,35;1085,14;;1;7536406934,385;0
2012-09-28;1088,54;1072,24;1072,45;;1;10549884812,17;0
2012-09-27;1091,35;1080,77;1083,62;;1;10630255002,64;0
2012-09-26;1097,09;1085,49;1088,16;;1;9071237569,344;0
2012-09-25;1106,07;1092,63;1105,73;;1;10966912100,304;0
2012-09-24;1100,12;1092,07;1099,73;;1;8262501441,859;0
2012-09-21;1106,41;1097,52;1099,89;;1;9916899666,059;0
2012-09-20;1102,68;1095,42;1100,23;;1;8487877357,26;0
2012-09-19;1108,53;1101,67;1106,43;;1;7760559851,41;0
2012-09-18;1105,76;1096,63;1100,98;;1;9545401388,446;0
2012-09-17;1112,65;1106,19;1108,53;;1;8938693584,031;0
2012-09-14;1119,19;1102,04;1114,98;;1;14827855271,648;0
2012-09-13;1086,71;1080,81;1086,30;;1;7916597308,937;0
2012-09-12;1087,95;1073,46;1085,76;;1;10706383972,665;0
2012-09-11;1076,64;1060,44;1076,57;;1;6915347358,32;0
2012-09-10;1073,31;1066,89;1067,57;;1;6078935310,062;0
2012-09-07;1074,83;1064,53;1070,87;;1;11136276835,039;0
2012-09-06;1063,74;1038,41;1058,45;;1;10485251168;0
2012-09-05;1040,74;1028,93;1038,13;;1;8361715751,975;0
2012-09-04;1050,25;1032,53;1035,74;;1;6637548665,397;0
2012-09-03;1052,75;1039,99;1049,52;;1;4692301251,29;0
2012-08-31;1048,27;1034,24;1043,93;;1;7438271548,55;0
2012-08-30;1044,23;1033,02;1038,38;;1;6700045707,443;0
2012-08-29;1050,58;1040,39;1045,73;;1;6347298250,205;0
2012-08-28;1059,68;1040,83;1040,83;;1;7900983341,5;0
2012-08-27;1065,55;1055,92;1065,55;;1;3905647116,29;0
2012-08-24;1059,12;1049,05;1058,58;;1;7057771191,171;0
2012-08-23;1072,85;1051,01;1055,17;;1;6237069490,032;0
2012-08-22;1077,09;1057,85;1061,80;;1;7477518448,779;0
2012-08-21;1086,29;1079,85;1085,07;;1;6495023912,811;0
2012-08-20;1093,74;1081,01;1084,06;;1;5103773551,362;0
2012-08-17;1092,60;1080,92;1091,45;;1;7645792847,95;0
2012-08-16;1078,34;1071,71;1078,04;;1;5619221031,768;0
2012-08-15;1077,49;1072,86;1075,17;;1;5806388963,754;0
2012-08-14;1083,39;1074,01;1079,46;;1;5754327967,94;0
2012-08-13;1079,55;1071,53;1077,27;;1;5499767298,91;0
2012-08-10;1082,50;1070,29;1079,52;;1;6096994077,221;0
2012-08-09;1085,28;1075,99;1083,67;;1;6033727078,375;0
2012-08-08;1079,95;1069,65;1079,95;;1;5831606250,728;0
2012-08-07;1077,96;1063,29;1075,70;;1;6822113353,445;0
2012-08-06;1082,85;1074,24;1076,44;;1;7322891420,072;0
2012-08-03;1081,26;1059,72;1081,07;;1;6807264505,853;0
2012-08-02;1079,85;1053,49;1058,10;;1;8781055349,756;0
2012-08-01;1068,99;1060,99;1065,91;;1;6262182356,767;0
2012-07-31;1071,41;1061,61;1068,16;;1;6959816936,235;0
2012-07-30;1067,89;1056,87;1066,13;;1;6183916521,307;0
2012-07-27;1061,97;1042,21;1059,75;;1;7968407004,482;0
2012-07-26;1053,52;1021,09;1048,37;;1;9368478006,48;0
2012-07-25;1034,41;1014,83;1029,30;;1;7120302750,008;0
2012-07-24;1026,36;1015,47;1021,77;;1;6338431907,449;0
2012-07-23;1033,53;1011,67;1021,81;;1;7729226533,425;0
2012-07-20;1052,76;1037,90;1041,56;;1;10293485899,581;0
2012-07-19;1051,46;1036,52;1050,71;;1;10133160423,912;0
2012-07-18;1034,09;1017,00;1032,82;;1;10439951226,45;0
2012-07-17;1041,20;1022,21;1024,44;;1;10502585667,962;0
2012-07-16;1037,80;1029,40;1037,80;;1;7037263099,951;0
2012-07-13;1033,82;1016,78;1030,94;;1;6029863067,19;0
2012-07-12;1021,78;1009,32;1013,72;;1;6468512260,55;0
2012-07-11;1029,87;1019,01;1026,12;;1;6793970801,45;0
2012-07-10;1032,76;1016,74;1028,09;;1;6170513838,695;0
2012-07-09;1025,94;1018,54;1020,44;;1;5807522802,37;0
2012-07-06;1035,52;1023,87;1023,87;;1;5922724150,334;0
2012-07-05;1048,38;1028,02;1035,87;;1;8622287014,276;0
2012-07-04;1042,32;1030,36;1038,42;;1;4519102843,255;0
2012-07-03;1040,16;1026,62;1040,16;;1;9140395666,291;0
2012-07-02;1030,62;1019,08;1024,86;;1;8447503201,65;0
2012-06-29;1019,06;998,25;1019,06;;1;10948699890,415;0
2012-06-28;996,01;971,90;979,53;;1;7541067143,276;0
2012-06-27;993,15;981,19;991,97;;1;6250915814,025;0
2012-06-26;989,90;976,39;981,64;;1;6864190641,255;0
2012-06-25;999,50;984,32;985,34;;1;8615729968,025;0
2012-06-21;1015,64;1005,18;1009,84;;1;8824736344,83;0
2012-06-20;1016,12;996,68;1014,99;;1;9886364733,235;0
2012-06-19;1000,90;980,89;1000,19;;1;8243786300,662;0
2012-06-18;992,44;971,76;981,05;;1;8040798538,125;0
2012-06-15;980,37;973,77;977,53;;1;9544508899,893;0
2012-06-14;976,03;958,27;971,66;;1;9459211603,3;0
2012-06-13;997,06;971,43;976,01;;1;12829308320,685;0
2012-06-12;988,07;976,13;987,16;;1;8005686468,255;0
2012-06-11;1002,07;981,90;982,29;;1;9084551191,215;0
2012-06-08;978,97;962,90;975,76;;1;10392566650,553;0
2012-06-07;990,57;970,49;981,95;;1;12385714076,061;0
2012-06-05;957,62;948,69;951,91;;1;5621513005,56;0
2012-06-04;956,76;941,11;946,12;;1;6062381608,505;0
2012-06-01;980,53;946,37;956,70;;1;11978182188,135;0
2012-05-31;991,49;969,16;975,98;;1;12727883360,395;0
2012-05-30;1000,02;982,63;986,61;;1;9136520882,968;0
2012-05-29;1006,91;988,75;1001,83;;1;8486929523,07;0
2012-05-28;1000,68;976,88;985,12;;1;5616707046,728;0
2012-05-25;995,52;976,26;985,03;;1;7318370035,19;0
2012-05-24;988,13;971,42;986,62;;1;6920378212,836;0
2012-05-23;992,71;973,75;974,56;;1;9668439562,45;0
2012-05-22;1004,17;984,22;1000,53;;1;10035922899,637;0
2012-05-21;977,50;955,01;975,97;;1;8155560491,11;0
2012-05-18;971,14;955,14;955,98;;1;12142769404,185;0
2012-05-16;995,23;983,25;986,94;;1;6011541374,685;0
2012-05-15;1015,51;996,36;999,22;;1;9548724254,535;0
2012-05-14;1026,07;994,75;1004,87;;1;9713768971,535;0
2012-05-11;1033,13;1018,16;1032,41;;1;7666615658,96;0
2012-05-10;1030,72;1015,76;1026,50;;1;9300542542,28;0
2012-05-09;1029,48;1006,28;1018,53;;1;9999957125,5;0
2012-05-08;1030,45;1015,47;1018,54;;1;10389788542,305;0
2012-05-07;1032,33;1011,95;1030,71;;1;6539823673,87;0
2012-05-04;1050,66;1026,03;1031,95;;1;11034112880,225;0
2012-05-03;1063,27;1049,07;1059,90;;1;10313351503,845;0
2012-05-02;1071,42;1044,87;1051,48;;1;12098535246,27;0
2012-04-30;1060,78;1053,23;1059,62;;1;6024086444,48;0
2012-04-27;1057,99;1033,52;1056,67;;1;13656821819,475;0
2012-04-26;1050,27;1029,40;1035,01;;1;12586619967,933;0
2012-04-25;1044,87;1034,57;1041,67;;1;15650600405,355;0
2012-04-24;1030,86;1015,17;1026,62;;1;13557958851,824;0
2012-04-23;1048,09;1004,57;1007,32;;1;14948940090,77;0
2012-04-20;1055,97;1037,26;1055,73;;1;10554812966,97;0
2012-04-19;1052,42;1039,64;1041,64;;1;13814377130,68;0
2012-04-18;1053,78;1033,62;1036,15;;1;11228481069,23;0
2012-04-17;1060,25;1032,67;1055,24;;1;11070442792,645;0
2012-04-16;1044,22;1021,76;1036,41;;1;8868921257,286;0
2012-04-13;1048,00;1025,41;1027,72;;1;9578470480,43;0
2012-04-12;1050,91;1024,89;1049,86;;1;11548433947,95;0
2012-04-11;1032,38;1014,29;1026,80;;1;11944731894,015;0
2012-04-10;1031,95;1013,62;1013,62;;1;10361854094,343;0
2012-04-05;1051,54;1030,94;1036,40;;1;5217445192,247;0
2012-04-04;1070,78;1036,82;1041,61;;1;13264014516,922;0
2012-04-03;1088,84;1079,56;1080,56;;1;9544690982,846;0
2012-04-02;1086,47;1064,04;1086,47;;1;9963581978,44;0
2012-03-30;1074,88;1062,67;1074,48;;1;11404139809,454;0
2012-03-29;1081,22;1054,46;1058,32;;1;13657733889,91;0
2012-03-28;1096,84;1081,27;1083,92;;1;10474171484,759;0
2012-03-27;1110,01;1093,34;1095,42;;1;9754834139,094;0
2012-03-26;1102,88;1079,94;1102,88;;1;9875000536,555;0
2012-03-23;1084,57;1068,27;1084,29;;1;9295895827,965;0
2012-03-22;1096,29;1070,64;1077,34;;1;12067163618,975;0
2012-03-21;1110,75;1085,44;1088,76;;1;12709478759,749;0
2012-03-20;1116,07;1100,73;1104,62;;1;11172497265,51;0
2012-03-19;1122,44;1114,93;1121,39;;1;9323652300,694;0
2012-03-16;1127,54;1117,10;1123,35;;1;12375990340,545;0
2012-03-15;1121,10;1112,32;1121,10;;1;10868589679,053;0
2012-03-14;1117,81;1109,57;1115,66;;1;10181541928,893;0
2012-03-13;1106,24;1098,63;1106,12;;1;8985762987,805;0
2012-03-12;1094,44;1084,38;1092,31;;1;7429898507,345;0
2012-03-09;1095,19;1083,90;1089,80;;1;10254401303,184;0
2012-03-08;1091,31;1071,62;1091,31;;1;13556958561,776;0
2012-03-07;1068,97;1054,93;1062,64;;1;10252176918,895;0
2012-03-06;1091,68;1055,48;1057,57;;1;13892499586,336;0
2012-03-05;1101,57;1091,59;1097,42;;1;8032120111,01;0
2012-03-02;1106,75;1096,91;1105,11;;1;8167410466,779;0
2012-03-01;1108,88;1092,72;1104,58;;1;9632276829,314;0
2012-02-29;1109,78;1099,23;1101,76;;1;11325047801,969;0
2012-02-28;1102,46;1092,92;1102,17;;1;9241954966,981;0
2012-02-27;1097,49;1082,25;1093,57;;1;9017933424,02;0
2012-02-24;1102,14;1091,43;1100,01;;1;10240579524,555;0
2012-02-23;1100,19;1085,33;1096,17;;1;13058517228,615;0
2012-02-22;1108,19;1087,51;1096,06;;1;13263354579,03;0
2012-02-21;1113,45;1104,56;1106,42;;1;9890626697,11;0
2012-02-20;1112,80;1100,31;1111,96;;1;9257973278,69;0
2012-02-17;1101,56;1092,19;1099,55;;1;11194017176,282;0
2012-02-16;1088,77;1071,19;1088,18;;1;10125371572,141;0
2012-02-15;1085,55;1074,32;1082,70;;1;9768183827,48;0
2012-02-14;1080,28;1067,14;1069,64;;1;9580324785,97;0
2012-02-13;1080,77;1070,39;1074,31;;1;7433737127,328;0
2012-02-10;1075,59;1058,50;1065,37;;1;11062987353,56;0
2012-02-09;1082,97;1071,74;1077,12;;1;10905181942,272;0
2012-02-08;1084,59;1071,96;1074,61;;1;10661782938,1;0
2012-02-07;1077,34;1062,73;1074,37;;1;11594802265,444;0
2012-02-06;1077,38;1064,86;1074,11;;1;9018593077,829;0
2012-02-03;1083,15;1062,88;1078,66;;1;12172460823,96;0
2012-02-02;1070,86;1058,60;1066,12;;1;12637637759,3;0
2012-02-01;1067,31;1034,71;1065,29;;1;15210995501,2;0
2012-01-31;1044,54;1033,47;1036,34;;1;13066794422,493;0
2012-01-30;1036,56;1021,77;1028,36;;1;8302372373,537;0
2012-01-27;1051,41;1038,04;1041,40;;1;10056108006,085;0
2012-01-26;1050,88;1028,11;1046,01;;1;16464662994,344;0
2012-01-25;1031,27;1018,78;1026,00;;1;12971453076,718;0
2012-01-24;1040,22;1023,97;1034,04;;1;11398385775,17;0
2012-01-23;1042,61;1029,48;1042,37;;1;9139250641,601;0
2012-01-20;1040,15;1030,44;1033,30;;1;10057655571,637;0
2012-01-19;1041,54;1029,25;1037,82;;1;12567413963,06;0
2012-01-18;1029,65;1013,88;1028,62;;1;10464305317,662;0
2012-01-17;1026,27;1016,16;1025,06;;1;11536809267,998;0
2012-01-16;1014,27;1000,06;1013,51;;1;7484543682,633;0
2012-01-13;1023,50;1000,56;1009,00;;1;11442921513,168;0
2012-01-12;1025,23;1010,66;1015,50;;1;11551458163,491;0
2012-01-11;1015,42;1005,67;1009,61;;1;9101538959,36;0
2012-01-10;1013,88;1002,16;1012,68;;1;10408042009,25;0
2012-01-09;1001,30;994,18;996,89;;1;9921678536,64;0
2012-01-05;1005,32;998,28;1002,18;;1;6211018991,354;0
2012-01-04;1015,85;1002,30;1006,31;;1;10985097931,008;0
2012-01-03;1018,80;1000,70;1018,80;;1;9837810319,09;0
2012-01-02;1005,33;980,95;999,43;;1;4666257101,18;0
2011-12-30;988,16;975,85;987,85;;1;6320943917,854;0
2011-12-29;977,52;967,31;977,52;;1;4711683876,75;0
2011-12-28;981,37;966,94;969,36;;1;5973043281,86;0
2011-12-27;985,89;975,58;976,90;;1;3305130431,32;0
2011-12-23;982,08;972,49;982,08;;1;4595851543,468;0
2011-12-22;970,90;960,24;970,90;;1;7807660704,306;0
2011-12-21;973,85;953,50;959,60;;1;9709478646,92;0
2011-12-20;960,55;927,47;959,67;;1;9866965965,86;0
2011-12-19;949,44;930,06;934,27;;1;7465731427,57;0
2011-12-16;950,00;935,26;937,69;;1;10169342637,123;0
2011-12-15;951,50;932,11;946,68;;1;10154005995,039;0
2011-12-14;959,82;936,66;939,30;;1;11303850706,046;0
2011-12-13;968,76;937,62;956,12;;1;10881238706,31;0
2011-12-12;961,35;941,66;941,85;;1;8465124060,336;0
2011-12-09;972,72;946,68;963,25;;1;11185241010,27;0
2011-12-08;986,12;956,38;956,57;;1;12424984338,34;0
2011-12-07;989,59;964,82;978,82;;1;11303611652,99;0
2011-12-06;987,19;971,80;977,46;;1;9265805833,899;0
2011-12-05;992,03;976,04;988,71;;1;8360662183,233;0
2011-12-02;980,56;971,32;974,48;;1;9396116593,65;0
2011-12-01;981,36;964,19;967,31;;1;11247387058,38;0
2011-11-30;981,74;917,39;979,36;;1;23983253522,97;0
2011-11-29;933,00;916,01;931,44;;1;9743377940,972;0
2011-11-28;927,47;899,36;927,16;;1;9401960341,421;0
2011-11-25;895,59;872,93;889,22;;1;8402694276,264;0
2011-11-24;905,05;875,81;886,51;;1;8998721339,42;0
2011-11-23;913,96;886,99;888,81;;1;9746443169,56;0
2011-11-22;917,46;899,09;905,76;;1;8971600898,64;0
2011-11-21;934,94;905,99;907,40;;1;9552924913,532;0
2011-11-18;949,31;935,96;941,25;;1;9850819654,31;0
2011-11-17;959,86;938,79;947,46;;1;9632259157,36;0
2011-11-16;970,24;951,82;961,17;;1;9974533515,77;0
2011-11-15;965,49;946,84;959,34;;1;9707093893,84;0
2011-11-14;985,48;959,47;962,91;;1;8385306905,81;0
2011-11-11;978,80;942,63;976,51;;1;8681186739,34;0
2011-11-10;957,03;925,21;945,90;;1;9970527939,898;0
2011-11-09;979,96;936,86;946,72;;1;11987342338,923;0
2011-11-08;982,94;967,77;970,45;;1;9079834255,46;0
2011-11-07;984,74;960,98;968,39;;1;10114590515,67;0
2011-11-04;993,47;979,25;987,16;;1;5515468681,325;0
2011-11-03;989,62;947,39;979,78;;1;12023384150,986;0
2011-11-02;965,72;942,25;964,90;;1;12468021216,058;0
2011-11-01;969,35;940,95;945,86;;1;15149408004,58;0
2011-10-31;1021,08;990,44;990,44;;1;11722281442,745;0
2011-10-28;1037,43;1019,91;1025,72;;1;12585740201,36;0
2011-10-27;1029,66;1003,37;1029,34;;1;16835469155,563;0
2011-10-26;996,67;972,66;983,08;;1;10584731721,01;0
2011-10-25;985,87;965,24;975,67;;1;12294576858,472;0
2011-10-24;978,61;964,41;978,08;;1;10464073085,905;0
2011-10-21;965,74;934,91;965,20;;1;12597596610,728;0
2011-10-20;951,30;927,38;934,05;;1;12862119953,4;0
2011-10-19;952,71;939,24;942,22;;1;12197240843,96;0
2011-10-18;949,45;926,59;945,53;;1;9633093553,125;0
2011-10-17;969,60;933,33;939,40;;1;10604113704,005;0
2011-10-14;959,67;936,80;956,39;;1;9483824720,52;0
2011-10-13;965,45;933,35;936,22;;1;10504346351,72;0
2011-10-12;960,70;933,51;957,74;;1;14604513445,16;0
2011-10-11;952,21;937,35;946,78;;1;8180986228,34;0
2011-10-10;948,29;921,05;948,29;;1;10369115965,911;0
2011-10-07;933,58;912,72;918,28;;1;10645267710,511;0
2011-10-06;920,50;897,40;920,50;;1;13018955236,716;0
2011-10-05;899,76;869,98;899,76;;1;11685392486,362;0
2011-10-04;890,28;855,74;867,02;;1;15097633568,02;0
2011-10-03;909,24;885,45;902,72;;1;10844730163,254;0
2011-09-30;928,95;903,29;910,17;;1;12800769148,32;0
2011-09-29;931,72;902,12;930,36;;1;11556820666,55;0
2011-09-28;927,71;901,64;904,35;;1;10985098089,48;0
2011-09-27;927,27;891,98;927,27;;1;12408363047,507;0
2011-09-26;884,52;846,18;872,98;;1;11544783578,722;0
2011-09-23;873,66;833,03;862,35;;1;11976108722,58;0
2011-09-22;887,88;862,17;862,17;;1;11988223116,706;0
2011-09-21;919,00;905,72;906,40;;1;8159059458,464;0
2011-09-20;918,76;888,41;918,76;;1;11474801096,89;0
2011-09-19;914,41;895,01;895,42;;1;8952206155,355;0
2011-09-16;939,14;924,11;927,15;;1;12768105715,709;0
2011-09-15;926,32;899,01;924,62;;1;13696834215,738;0
2011-09-14;895,28;867,74;890,68;;1;13319777117,76;0
2011-09-13;884,33;853,48;878,40;;1;13505568329,39;0
2011-09-12;875,84;859,69;862,58;;1;11515135101,161;0
2011-09-09;917,29;883,09;884,60;;1;10042078474,27;0
2011-09-08;925,27;904,66;918,82;;1;10082799566,36;0
2011-09-07;918,02;899,75;918,02;;1;10926501852,696;0
2011-09-06;899,58;875,12;887,27;;1;14382347182,45;0
2011-09-05;915,38;886,54;887,41;;1;10038150666,365;0
2011-09-02;951,38;927,10;932,10;;1;13459621785,843;0
2011-09-01;966,08;942,85;961,55;;1;12502995027,336;0
2011-08-31;963,09;930,74;954,63;;1;14094860356,77;0
2011-08-30;938,28;921,20;930,13;;1;9613440583,002;0
2011-08-29;928,48;907,91;927,37;;1;6493706645,72;0
2011-08-26;907,47;884,00;904,32;;1;10631514716,25;0
2011-08-25;930,85;902,16;903,21;;1;13568075120,05;0
2011-08-24;934,37;899,34;916,26;;1;13810013512,66;0
2011-08-23;911,95;891,57;905,67;;1;12770568382,205;0
2011-08-22;904,81;867,74;887,85;;1;11881317854,547;0
2011-08-19;893,91;851,14;877,43;;1;19621578491,163;0
2011-08-18;947,33;890,93;893,08;;1;21345859005,53;0
2011-08-17;965,16;939,85;957,53;;1;11317857381,65;0
2011-08-16;963,81;936,05;957,37;;1;13232651512,46;0
2011-08-15;969,37;949,12;967,58;;1;9989147590,016;0
2011-08-12;960,33;919,14;957,59;;1;14969283560,05;0
2011-08-11;937,72;892,90;937,70;;1;19210510541,56;0
2011-08-10;952,37;893,30;904,58;;1;21987781165,283;0
2011-08-09;930,03;860,41;930,03;;1;26665290293,07;0
2011-08-08;954,12;901,95;902,07;;1;22133333621,327;0
2011-08-05;966,33;901,01;947,78;;1;25384439584,262;0
2011-08-04;996,43;939,63;939,63;;1;20209699372,62;0
2011-08-03;1008,23;979,39;981,51;;1;16886983532,6;0
2011-08-02;1035,56;1011,29;1012,70;;1;14801438935,686;0
2011-08-01;1087,18;1035,92;1039,05;;1;12076698711,175;0
2011-07-29;1071,25;1053,31;1065,97;;1;9573781278,425;0
2011-07-28;1073,35;1059,43;1068,79;;1;8693093901,606;0
2011-07-27;1083,08;1066,71;1070,50;;1;8340097168,5;0
2011-07-26;1089,79;1070,58;1078,13;;1;7964620901,648;0
2011-07-25;1092,13;1080,20;1086,38;;1;7412008964,22;0
2011-07-22;1100,51;1082,63;1091,00;;1;11969418638,12;0
2011-07-21;1094,82;1067,54;1088,16;;1;17935136990,033;0
2011-07-20;1094,41;1084,51;1093,59;;1;13453140663;0
2011-07-19;1078,18;1052,07;1076,71;;1;13850396674,317;0
2011-07-18;1081,83;1052,74;1056,12;;1;13089308830,945;0
2011-07-15;1086,85;1077,11;1079,64;;1;10859164174,19;0
2011-07-14;1103,29;1085,88;1091,62;;1;10207583293,357;0
2011-07-13;1109,11;1094,92;1108,13;;1;9171104346,79;0
2011-07-12;1099,42;1075,48;1099,19;;1;14322129675,978;0
2011-07-11;1116,84;1101,22;1103,39;;1;8916612402,62;0
2011-07-08;1142,11;1119,36;1120,58;;1;10523284053,14;0
2011-07-07;1137,01;1120,21;1135,15;;1;8926444767,15;0
2011-07-06;1127,77;1115,16;1118,86;;1;8903755546,21;0
2011-07-05;1128,49;1120,71;1127,26;;1;7451842077,56;0
2011-07-04;1127,53;1117,50;1125,91;;1;6710359316,954;0
2011-07-01;1119,90;1104,13;1118,05;;1;10408685865,04;0
2011-06-30;1118,65;1102,04;1115,23;;1;12099877152,93;0
2011-06-29;1103,68;1077,89;1100,03;;1;13095917989,435;0
2011-06-28;1082,91;1068,31;1072,36;;1;11452108878,48;0
2011-06-27;1069,33;1048,47;1068,89;;1;11652658102,7;0
2011-06-23;1069,82;1053,05;1055,24;;1;12303130567,78;0
2011-06-22;1095,27;1072,78;1073,15;;1;13138448115,971;0
2011-06-21;1092,32;1070,92;1092,07;;1;10296299980,835;0
2011-06-20;1075,73;1064,23;1067,30;;1;10346177006,51;0
2011-06-17;1093,77;1067,84;1083,44;;1;13521086710,74;0
2011-06-16;1081,74;1064,67;1078,50;;1;16995289277,491;0
2011-06-15;1104,81;1087,18;1089,38;;1;11250346116,901;0
2011-06-14;1111,53;1097,88;1106,49;;1;11621201076,56;0
2011-06-13;1098,38;1086,97;1089,92;;1;8758118655,19;0
2011-06-10;1113,58;1091,51;1095,69;;1;11462693415,84;0
2011-06-09;1117,19;1098,19;1112,25;;1;13816491799,702;0
2011-06-08;1127,50;1102,96;1102,96;;1;14765097912,428;0
2011-06-07;1137,74;1126,65;1128,86;;1;10238261522,68;0
2011-06-03;1146,99;1129,34;1133,67;;1;13103558658,784;0
2011-06-01;1161,49;1151,48;1159,47;;1;6512512027,55;0
2011-05-31;1158,40;1148,96;1151,36;;1;14342744353,76;0
2011-05-30;1155,31;1143,79;1146,41;;1;4057497657,206;0
2011-05-27;1152,52;1141,95;1149,12;;1;10345375822,7;0
2011-05-26;1157,52;1139,92;1140,40;;1;10563221405,35;0
2011-05-25;1152,48;1126,05;1151,92;;1;14685787425,275;0
2011-05-24;1146,16;1134,97;1134,97;;1;12241771596,12;0
2011-05-23;1154,68;1137,69;1137,69;;1;11798206039,916;0
2011-05-20;1173,12;1163,76;1167,07;;1;12211408598,21;0
2011-05-19;1168,95;1160,04;1166,15;;1;10135721873,54;0
2011-05-18;1165,43;1157,00;1158,06;;1;9592505821,54;0
2011-05-17;1171,46;1157,68;1157,68;;1;14042331268,87;0
2011-05-16;1173,48;1158,83;1173,48;;1;10326812788,39;0
2011-05-13;1171,84;1164,42;1166,54;;1;9617254205,1;0
2011-05-12;1169,09;1161,23;1166,53;;1;12102670667,847;0
2011-05-11;1175,08;1167,15;1173,79;;1;10711799177,708;0
2011-05-10;1167,72;1158,46;1167,53;;1;10426337362,114;0
2011-05-09;1160,96;1150,19;1157,13;;1;11643261093,818;0
2011-05-06;1159,33;1140,38;1157,83;;1;13413227511,851;0
2011-05-05;1153,06;1139,89;1148,83;;1;13064487021,53;0
2011-05-04;1160,91;1146,44;1148,64;;1;17536028560,361;0
2011-05-03;1162,00;1146,72;1153,87;;1;14377362606,192;0
2011-05-02;1167,10;1158,84;1163,46;;1;9091880448,32;0
2011-04-29;1163,06;1154,66;1162,84;;1;11511711073,51;0
2011-04-28;1161,46;1148,43;1161,46;;1;15754856213,28;0
2011-04-27;1162,40;1149,25;1154,47;;1;17776366477,51;0
2011-04-26;1153,91;1139,04;1153,46;;1;10877450755,68;0
2011-04-21;1144,62;1137,60;1141,13;;1;4763929704,43;0
2011-04-20;1141,59;1125,25;1140,58;;1;12527240927,475;0
2011-04-19;1124,75;1109,50;1116,84;;1;12747700132,8;0
2011-04-18;1125,38;1105,01;1106,79;;1;12861340510;0
2011-04-15;1131,12;1121,44;1123,81;;1;8940253206,17;0
2011-04-14;1135,39;1122,90;1129,88;;1;9855639230,982;0
2011-04-13;1141,42;1134,47;1137,87;;1;10926890037,063;0
2011-04-12;1143,94;1128,90;1131,72;;1;13345158126,81;0
2011-04-11;1152,54;1145,98;1148,69;;1;8537065327,67;0
2011-04-08;1152,99;1145,20;1151,37;;1;8959742564,4;0
2011-04-07;1154,65;1144,27;1145,56;;1;11711738255,72;0
2011-04-06;1157,61;1145,41;1156,52;;1;11117204167,855;0
2011-04-05;1151,63;1144,56;1149,13;;1;10712025116,774;0
2011-04-04;1152,73;1141,92;1151,27;;1;7853079933,31;0
2011-04-01;1146,70;1133,63;1145,60;;1;10790465493,98;0
2011-03-31;1138,75;1131,90;1134,87;;1;11764467958,58;0
2011-03-30;1140,86;1136,08;1138,06;;1;10860637773,95;0
2011-03-29;1131,22;1123,54;1130,71;;1;8590408549,864;0
2011-03-28;1132,42;1122,25;1132,27;;1;8856409708,19;0
2011-03-25;1129,84;1120,51;1127,10;;1;9811277008,15;0
2011-03-24;1127,08;1108,54;1127,08;;1;10069287994,035;0
2011-03-23;1114,72;1101,47;1113,27;;1;11083744950,345;0
2011-03-22;1110,89;1098,18;1105,94;;1;10674611497,33;0
2011-03-21;1107,45;1100,06;1106,92;;1;12555605687,765;0
2011-03-18;1093,86;1081,20;1091,37;;1;16674222011,88;0
2011-03-17;1078,18;1061,02;1075,33;;1;12278370097,691;0
2011-03-16;1079,71;1055,45;1055,45;;1;18591123904,69;0
2011-03-15;1073,57;1045,58;1064,60;;1;22379909189,975;0
2011-03-14;1101,87;1089,27;1091,56;;1;10370156641,421;0
2011-03-11;1113,37;1101,44;1102,22;;1;11175851900,653;0
2011-03-10;1130,16;1116,04;1118,99;;1;11446540233,254;0
2011-03-09;1136,24;1123,62;1126,58;;1;10997774761,11;0
2011-03-08;1128,47;1119,08;1122,89;;1;10167954360,771;0
2011-03-07;1127,54;1105,50;1117,98;;1;11362936722,035;0
2011-03-04;1125,07;1111,19;1112,38;;1;12576737260,47;0
2011-03-03;1115,51;1105,67;1110,80;;1;11835928498,84;0
2011-03-02;1112,66;1103,02;1103,61;;1;11770878346,91;0
2011-03-01;1134,51;1119,16;1119,16;;1;10577673452,525;0
2011-02-28;1131,85;1111,96;1128,66;;1;12647668091,468;0
2011-02-25;1118,97;1101,48;1116,79;;1;9368527912,46;0
2011-02-24;1108,91;1085,06;1102,30;;1;12288316630,05;0
2011-02-23;1109,00;1090,16;1098,07;;1;13236154385,14;0
2011-02-22;1115,97;1100,76;1112,35;;1;10366490673,42;0
2011-02-21;1124,73;1108,95;1113,98;;1;9671097399,906;0
2011-02-18;1119,04;1105,75;1117,23;;1;10520007932,39;0
2011-02-17;1131,26;1103,98;1110,69;;1;15419396474,094;0
2011-02-16;1133,32;1125,60;1128,00;;1;9656641028,122;0
2011-02-15;1137,58;1119,53;1125,85;;1;11736040584,545;0
2011-02-14;1146,08;1134,05;1134,05;;1;12558048483,418;0
2011-02-11;1140,41;1117,90;1139,97;;1;12910756747,815;0
2011-02-10;1135,03;1122,32;1127,00;;1;11018036142,56;0
2011-02-09;1137,51;1130,63;1134,83;;1;11671115787,355;0
2011-02-08;1144,70;1127,63;1132,83;;1;17344747738,248;0
2011-02-07;1148,66;1136,70;1140,50;;1;10823883642,352;0
2011-02-04;1146,26;1133,38;1139,31;;1;25899955273,85;0
2011-02-03;1144,25;1126,59;1138,72;;1;16364407556,381;0
2011-02-02;1153,66;1120,68;1130,42;;1;24128809197,68;0
2011-02-01;1156,20;1141,77;1146,79;;1;14649219402,218;0
2011-01-31;1150,29;1139,65;1147,22;;1;10149602676,13;0
2011-01-28;1168,13;1151,80;1151,80;;1;11648868225,868;0
2011-01-27;1173,28;1165,21;1165,71;;1;17762475988,74;0
2011-01-26;1176,29;1156,31;1173,85;;1;12452334051,25;0
2011-01-25;1156,49;1148,66;1152,69;;1;13675257317,15;0
2011-01-24;1158,59;1138,41;1148,74;;1;12109156384,05;0
2011-01-21;1156,69;1138,42;1150,84;;1;13352691169,61;0
2011-01-20;1157,32;1136,42;1136,42;;1;15764901314,336;0
2011-01-19;1182,56;1153,60;1155,64;;1;14438425052,66;0
2011-01-18;1180,59;1172,48;1179,29;;1;10403620399,155;0
2011-01-17;1176,18;1163,55;1169,53;;1;6794175168,31;0
2011-01-14;1174,47;1163,05;1173,28;;1;9513039320,7;0
2011-01-13;1179,84;1171,08;1174,43;;1;12705244160;0
2011-01-12;1178,06;1172,77;1174,10;0,00;1;10120240046,307;0
2011-01-11;1175,03;1154,88;1174,36;0,00;1;11139517103,148;0
2011-01-10;1160,42;1149,38;1152,61;0,00;1;9667467773,05;0
2011-01-07;1164,96;1152,03;1159,45;0,00;1;13008741842,64;0
2011-01-05;1167,09;1149,21;1151,80;0,00;1;6396169302,95;0
2011-01-04;1181,56;1165,78;1165,88;0,00;1;10622989070,03;0
2011-01-03;1177,00;1161,12;1176,85;0,00;1;6359641033,97;0
2010-12-30;1165,59;1155,57;1155,57;0,00;1;6367571054,93;0
2010-12-29;1165,90;1160,68;1165,11;0,00;1;5178903948,1;0
2010-12-28;1163,42;1158,05;1159,80;0,00;1;3376579405,64;0
2010-12-27;1161,60;1154,81;1160,28;0,00;1;3410495988,441;0
2010-12-23;1162,23;1156,27;1160,55;0,00;1;5103509881,75;0
2010-12-22;1169,46;1161,33;1163,27;0,00;1;7699265817,14;0
2010-12-21;1166,49;1158,23;1166,00;0,00;1;9212576934,943;0
2010-12-20;1160,39;1149,13;1154,19;0,00;1;11423232997,719;0
2010-12-17;1156,72;1148,37;1153,13;0,00;1;13629497883,07;0
2010-12-16;1157,91;1149,90;1153,85;0,00;1;11901873180,86;0
2010-12-15;1159,10;1148,38;1156,40;0,00;1;10929713573,17;0
2010-12-14;1155,84;1143,81;1155,84;0,00;1;10580933443,619;0
2010-12-13;1150,39;1141,24;1146,15;0,00;1;9414801215,68;0
2010-12-10;1139,16;1133,68;1139,16;0,00;1;9272822315,038;0
2010-12-09;1151,30;1131,12;1133,52;0,00;1;13397175815,012;0
2010-12-08;1150,22;1142,84;1145,63;0,00;1;13234037795,36;0
2010-12-07;1157,22;1144,62;1148,98;0,00;1;13155500606,753;0
2010-12-06;1149,93;1141,07;1144,44;0,00;1;8146025287,515;0
2010-12-03;1149,80;1135,13;1149,56;0,00;1;11270521056,793;0
2010-12-02;1145,51;1129,72;1145,51;0,00;1;12809789551,51;0
2010-12-01;1134,35;1111,77;1134,27;0,00;1;14782197530,66;0
2010-11-30;1110,12;1096,73;1107,05;0,00;1;15195681861,114;0
2010-11-29;1121,38;1100,75;1104,35;0,00;1;11347966152,866;0
2010-11-26;1114,41;1100,76;1110,11;0,00;1;8968382080,845;0
2010-11-25;1112,17;1100,44;1111,16;0,00;1;7137009206,24;0
2010-11-24;1102,15;1083,16;1100,00;0,00;1;10207654314,328;0
2010-11-23;1103,53;1087,42;1088,81;0,00;1;10895755175,262;0
2010-11-22;1119,07;1103,11;1106,55;0,00;1;11457219380,251;0
2010-11-19;1110,55;1101,36;1110,55;0,00;1;9213044273,55;0
2010-11-18;1106,81;1090,57;1106,32;0,00;1;9295738846,51;0
2010-11-17;1089,34;1078,27;1086,53;0,00;1;10048593871,52;0
2010-11-16;1097,98;1079,67;1083,92;0,00;1;10316068995,798;0
2010-11-15;1104,73;1088,87;1104,04;0,00;1;8347131040,25;0
2010-11-12;1100,09;1086,03;1094,55;0,00;1;9926112742,04;0
2010-11-11;1109,74;1097,66;1103,12;0,00;1;7437867918,12;0
2010-11-10;1112,42;1101,73;1106,34;0,00;1;8634290449,552;0
2010-11-09;1116,10;1102,70;1113,42;0,00;1;9324063392,64;0
2010-11-08;1107,80;1099,35;1105,31;0,00;1;8640458186,85;0
2010-11-05;1111,64;1094,01;1098,69;0,00;1;5807442891,88;0
2010-11-04;1114,97;1098,63;1109,37;0,00;1;13945267266,625;0
2010-11-03;1102,70;1087,92;1089,47;0,00;1;8578571739,33;0
2010-11-02;1097,97;1088,44;1096,59;0,00;1;9500562380,82;0
2010-11-01;1095,55;1083,59;1091,69;0,00;1;9338947596,4;0
2010-10-29;1090,37;1079,60;1089,32;0,00;1;11509679484,781;0
2010-10-28;1106,11;1088,83;1091,65;0,00;1;12700177871,648;0
2010-10-27;1112,41;1102,09;1103,86;0,00;1;11890750931,84;0
2010-10-26;1110,44;1100,61;1106,48;0,00;1;9693691430,935;0
2010-10-25;1117,65;1107,61;1110,38;0,00;1;9066197920,098;0
2010-10-22;1119,19;1109,95;1109,96;0,00;1;13589410135,22;0
2010-10-21;1118,35;1096,94;1116,63;0,00;1;16421829715,846;0
2010-10-20;1098,90;1089,82;1098,88;0,00;1;11731008040,477;0
2010-10-19;1110,17;1095,12;1095,46;0,00;1;15706525718,869;0
2010-10-18;1100,27;1087,15;1097,30;0,00;1;8208393182,7;0
2010-10-15;1101,51;1089,81;1094,52;0,00;1;9721042903,35;0
2010-10-14;1109,31;1096,20;1098,43;0,00;1;10403212285,55;0
2010-10-13;1108,52;1091,34;1104,08;0,00;1;10974419320,4;0
2010-10-12;1091,07;1077,14;1089,89;0,00;1;9240199188,85;0
2010-10-11;1094,12;1085,94;1092,34;0,00;1;8936712773,25;0
2010-10-08;1087,40;1078,35;1085,51;0,00;1;9972081882,249;0
2010-10-07;1091,95;1081,36;1085,78;0,00;1;16217968815,142;0
2010-10-06;1096,88;1087,09;1089,08;0,00;1;12111386933,672;0
2010-10-05;1093,87;1061,98;1089,31;0,00;1;10939872081,99;0
2010-10-04;1083,93;1068,00;1068,74;0,00;1;8606207525,09;0
2010-10-01;1092,14;1077,83;1082,37;0,00;1;10850336037,44;0
2010-09-30;1100,73;1079,88;1087,71;0,00;1;13998528874,28;0
2010-09-29;1092,74;1079,23;1085,09;0,00;1;14258012392,863;0
2010-09-28;1094,67;1077,93;1090,77;0,00;1;10905178551,56;0
2010-09-27;1099,32;1085,91;1086,24;0,00;1;8456807957,55;0
2010-09-24;1095,73;1071,17;1095,59;0,00;1;10555414288,84;0
2010-09-23;1090,66;1066,86;1074,07;0,00;1;10798523917,27;0
2010-09-22;1097,11;1078,69;1085,11;0,00;1;9973376386,57;0
2010-09-21;1099,87;1091,10;1093,41;0,00;1;11393513563,068;0
2010-09-20;1092,49;1080,05;1092,49;0,00;1;11485422288,084;0
2010-09-17;1089,68;1076,87;1081,98;0,00;1;17045912469,586;0
2010-09-16;1084,17;1074,57;1078,19;0,00;1;10614428160,38;0
2010-09-15;1086,99;1074,32;1080,22;0,00;1;10684770546,99;0
2010-09-14;1084,61;1074,48;1082,49;;1;10156166144;0
2010-09-13;1081,87;1071,18;1080,72;0,00;1;8787887362,38;0
2010-09-10;1072,34;1062,38;1068,89;0,00;1;9006581415,58;0
2010-09-09;1068,35;1054,55;1067,04;0,00;1;9823939714,86;0
2010-09-08;1060,15;1040,07;1059,60;0,00;1;9514122121,204;0
2010-09-07;1050,78;1042,43;1048,65;0,00;1;10267494903,518;0
2010-09-06;1054,06;1048,17;1052,53;0,00;1;4988762148,42;0
2010-09-03;1057,71;1041,69;1047,99;0,00;1;10049329740,71;0
2010-09-02;1048,34;1039,82;1043,09;0,00;1;8909648456,73;0
2010-09-01;1050,65;1009,74;1049,26;0,00;1;13414393575,675;0
2010-08-31;1011,70;993,46;1011,70;0,00;1;10985171763,44;0
2010-08-30;1025,84;1000,87;1008,52;0,00;1;7310208239,94;0
2010-08-27;1018,97;998,75;1018,89;0,00;1;9492956441,25;0
2010-08-26;1009,56;1000,26;1006,16;0,00;1;8874023922,331;0
2010-08-25;1011,84;982,52;995,68;0,00;1;11340310078,207;0
2010-08-24;1016,06;994,63;1005,34;0,00;1;10990387954,58;0
2010-08-23;1029,93;1014,26;1021,78;0,00;1;10225217741,16;0
2010-08-20;1044,26;1018,35;1020,63;0,00;1;9716927040,27;0
2010-08-19;1061,63;1039,90;1040,42;0,00;1;10116417012,44;0
2010-08-18;1060,28;1050,84;1057,20;0,00;1;7946101513,36;0
2010-08-17;1057,46;1045,70;1057,14;0,00;1;8264701356,75;0
2010-08-16;1046,69;1033,25;1046,09;0,00;1;9255006427,55;0
2010-08-13;1040,68;1021,94;1036,45;0,00;1;8944772906,744;0
2010-08-12;1042,84;1022,48;1031,23;0,00;1;10812829320,49;0
2010-08-11;1060,34;1034,64;1036,28;0,00;1;9399006975,89;0
2010-08-10;1071,66;1059,78;1063,32;0,00;1;7062487224,95;0
2010-08-09;1077,78;1066,87;1073,53;0,00;1;5963272876,899;0
2010-08-06;1082,51;1062,22;1065,22;0,00;1;9240885581,832;0
2010-08-05;1083,90;1069,14;1074,40;0,00;1;8063360605,9;0
2010-08-04;1075,45;1063,61;1071,28;0,00;1;7910821747,27;0
2010-08-03;1074,69;1067,73;1073,17;0,00;1;7171025811,22;0
2010-08-02;1076,02;1051,59;1074,61;0,00;1;9866237225,95;0
2010-07-30;1055,28;1037,72;1047,26;0,00;1;9500525617,09;0
2010-07-29;1060,17;1047,38;1049,02;0,00;1;10336070562,492;0
2010-07-28;1066,99;1048,85;1050,84;0,00;1;10589893919,624;0
2010-07-27;1068,70;1056,60;1059,29;0,00;1;11773481306,37;0
2010-07-26;1066,85;1050,85;1059,44;0,00;1;7884948154,33;0
2010-07-23;1067,29;1050,11;1057,77;0,00;1;11683186603,561;0
2010-07-22;1067,08;1035,95;1065,37;0,00;1;12032591930,84;0
2010-07-21;1053,45;1034,51;1040,84;0,00;1;11690241680,95;0
2010-07-20;1040,23;1016,54;1027,36;0,00;1;11213857038,95;0
2010-07-19;1044,92;1024,66;1032,73;0,00;1;9678502259,01;0
2010-07-16;1062,31;1032,97;1034,69;0,00;1;12256661213,21;0
2010-07-15;1067,55;1048,87;1055,52;0,00;1;11399270075,62;0
2010-07-14;1067,50;1055,16;1063,74;0,00;1;8175823106,228;0
2010-07-13;1061,10;1028,98;1061,10;0,00;1;10616565089,86;0
2010-07-12;1034,31;1020,28;1030,18;0,00;1;5560224055,03;0
2010-07-09;1029,35;1016,26;1028,12;0,00;1;7106056486,75;0
2010-07-08;1029,28;1007,07;1013,16;0,00;1;9699248076,92;0
2010-07-07;1022,65;992,24;1020,43;0,00;1;8142682834,6;0
2010-07-06;1011,92;984,90;1009,41;0,00;1;9149314525,38;0
2010-07-05;991,40;979,11;980,94;0,00;1;5406428093,9;0
2010-07-02;995,59;980,98;983,30;0,00;1;9122673128,104;0
2010-07-01;1005,48;975,49;981,54;0,00;1;12154499231,7;0
2010-06-30;1009,33;991,11;1005,93;0,00;1;15837223773,3;0
2010-06-29;1016,74;989,80;993,92;0,00;1;11096388188,795;0
2010-06-28;1028,41;1012,28;1025,89;0,00;1;10942922008,33;0
2010-06-24;1053,49;1019,87;1021,43;0,00;1;10636658850,79;0
2010-06-23;1064,51;1044,68;1047,67;0,00;1;9536627886,673;0
2010-06-22;1065,93;1049,40;1059,38;0,00;1;10114972725,88;0
2010-06-21;1069,72;1055,59;1060,51;0,00;1;10821468079,75;0
2010-06-18;1056,65;1047,47;1054,58;0,00;1;11952434603,818;0
2010-06-17;1053,10;1038,61;1046,51;0,00;1;11200806314,84;0
2010-06-16;1051,33;1032,62;1045,73;0,00;1;11440772596,409;0
2010-06-15;1045,81;1026,14;1045,29;0,00;1;10552403289,23;0
2010-06-14;1033,01;1022,93;1032,60;0,00;1;8676702219,76;0
2010-06-11;1022,39;1006,26;1016,29;0,00;1;11918095519,05;0
2010-06-10;1018,58;989,06;1017,74;0,00;1;12408452711,67;0
2010-06-09;996,99;972,22;996,84;0,00;1;10282516957,245;0
2010-06-08;984,26;963,55;972,00;0,00;1;10883360526,847;0
2010-06-07;990,29;970,44;977,63;0,00;1;10195565851,18;0
2010-06-04;1014,94;985,88;988,46;0,00;1;11989292656,68;0
2010-06-03;1013,02;1000,93;1005,93;0,00;1;10773693024,47;0
2010-06-02;991,22;970,06;989,77;0,00;1;9877643175,7;0
2010-06-01;985,63;961,16;981,25;0,00;1;9081153388,72;0
2010-05-31;985,32;977,82;980,63;0,00;1;4437607716,01;0
2010-05-28;988,92;975,39;979,12;0,00;1;10210981041,67;0
2010-05-27;979,06;959,18;978,55;0,00;1;12032122349,336;0
2010-05-26;961,35;942,82;957,05;0,00;1;17925099337,28;0
2010-05-25;938,90;923,13;931,48;0,00;1;17402698886,35;0
2010-05-24;963,88;939,69;953,54;0,00;1;10744801521,04;0
2010-05-21;958,48;934,02;953,77;0,00;1;17327619921,41;0
2010-05-20;981,60;933,16;947,93;0,00;1;17525625709,804;0
2010-05-19;991,29;967,16;969,06;0,00;1;15883322980,99;0
2010-05-18;1003,88;994,50;1000,41;0,00;1;11205275746,375;0
2010-05-17;1000,90;974,17;991,58;0,00;1;14062883391,84;0
2010-05-14;1013,57;983,74;984,91;0,00;1;14508886375,745;0
2010-05-12;1011,11;984,29;1010,25;0,00;1;8665882719,46;0
2010-05-11;999,23;983,58;993,04;0,00;1;14821649002,64;0
2010-05-10;1005,34;974,44;1005,34;0,00;1;21773644645,02;0
2010-05-07;973,61;929,02;944,57;0,00;1;30659527749,36;0
2010-05-06;1010,45;973,20;977,25;0,00;1;22637432423,314;0
2010-05-05;1030,77;1000,41;1000,70;0,00;1;20153878478,69;0
2010-05-04;1062,88;1027,50;1027,50;0,00;1;17821292631,65;0
2010-05-03;1059,58;1044,61;1059,44;0,00;1;9022219608,45;0
2010-04-30;1061,84;1049,82;1053,88;0,00;1;9507997252;0
2010-04-29;1061,77;1042,06;1061,77;0,00;1;17946222801,359;0
2010-04-28;1059,90;1032,79;1042,87;0,00;1;23278218730,53;0
2010-04-27;1070,74;1042,82;1042,82;0,00;1;18552932727,305;0
2010-04-26;1077,47;1067,82;1067,90;0,00;1;16151586506,313;0
2010-04-23;1068,29;1039,25;1066,82;0,00;1;25003631108,02;0
2010-04-22;1049,64;1028,81;1038,34;0,00;1;18132729311,198;0
2010-04-21;1058,18;1042,23;1042,48;0,00;1;15189182592,476;0
2010-04-20;1057,72;1047,47;1055,34;0,00;1;11940759460,87;0
2010-04-19;1049,13;1036,44;1043,04;0,00;1;12819674784,48;0
2010-04-16;1063,61;1046,37;1050,24;0,00;1;18421414037,98;0
2010-04-15;1053,61;1044,00;1053,25;0,00;1;12536202503,39;0
2010-04-14;1052,28;1043,33;1051,76;0,00;1;11694318574,89;0
2010-04-13;1048,10;1037,56;1046,50;0,00;1;12218776186;0
2010-04-12;1049,54;1044,96;1048,27;0,00;1;8932675953,65;0
2010-04-09;1044,68;1040,83;1044,58;0,00;1;10196037486,612;0
2010-04-08;1040,20;1028,47;1036,73;0,00;1;13033719459,55;0
2010-04-07;1046,58;1040,93;1042,78;0,00;1;10425670813,59;0
2010-04-06;1046,25;1036,95;1046,00;0,00;1;12602424335,51;0
2010-04-01;1037,04;1025,69;1036,93;0,00;1;6610441017,57;0
2010-03-31;1024,68;1016,26;1021,08;0,00;1;13603050822,9;0
2010-03-30;1031,52;1022,05;1022,79;0,00;1;9111371424,56;0
2010-03-29;1034,15;1024,30;1026,70;0,00;1;8685244663,72;0
2010-03-26;1029,73;1022,38;1027,42;0,00;1;9915332417,875;0
2010-03-25;1036,30;1024,92;1033,34;0,00;1;10611783617,272;0
2010-03-24;1033,13;1017,52;1027,08;0,00;1;10405380988,87;0
2010-03-23;1030,17;1021,90;1030,13;0,00;1;10026804822,02;0
2010-03-22;1027,37;1011,83;1021,42;0,00;1;13178822663,02;0
2010-03-19;1027,73;1017,14;1020,26;0,00;1;15718521747,115;0
2010-03-18;1023,98;1016,49;1018,19;0,00;1;10470086566,5;0
2010-03-17;1028,53;1023,03;1025,58;0,00;1;12233077732,86;0
2010-03-16;1021,75;1011,83;1020,05;0,00;1;9827936761,7;0
2010-03-15;1019,35;1012,64;1013,51;0,00;1;8862158137,93;0
2010-03-12;1022,48;1009,10;1018,15;0,00;1;12219521593,85;0
2010-03-11;1013,20;1005,48;1008,93;0,00;1;9607950211,63;0
2010-03-10;1013,28;996,43;1013,04;0,00;1;10583572047,39;0
2010-03-09;1005,97;994,93;1000,50;0,00;1;9858899253,62;0
2010-03-08;1005,74;998,52;1003,39;0,00;1;8852941263,85;0
2010-03-05;999,65;983,41;998,07;0,00;1;10341766794,74;0
2010-03-04;986,42;974,99;984,33;0,00;1;10238658429,49;0
2010-03-03;981,57;970,15;981,19;0,00;1;10029770993,76;0
2010-03-02;972,99;961,57;971,67;0,00;1;8729556626,88;0
2010-03-01;967,47;953,54;966,38;0,00;1;9621990345,13;0
2010-02-26;948,92;939,29;947,39;0,00;1;9566436921,73;0
2010-02-25;950,72;935,88;940,51;0,00;1;10187562897,22;0
2010-02-24;946,03;936,25;944,31;0,00;1;9575021625,32;0
2010-02-23;958,60;941,26;942,05;0,00;1;9806643388,674;0
2010-02-22;959,11;951,48;954,10;0,00;1;9049997683,52;0
2010-02-19;957,45;938,66;957,27;0,00;1;10463287383,56;0
2010-02-18;947,25;940,87;946,97;0,00;1;11957096195,351;0
2010-02-17;945,27;938,56;943,69;0,00;1;10347022981,185;0
2010-02-16;934,31;922,75;934,31;0,00;1;10128983609,32;0
2010-02-15;935,40;919,39;923,37;0,00;1;7996646535,58;0
2010-02-12;951,96;924,93;931,35;0,00;1;13415166728,45;0
2010-02-11;949,90;935,27;943,66;0,00;1;11971371665,85;0
2010-02-10;950,59;931,39;937,05;0,00;1;13237946193,87;0
2010-02-09;951,89;934,84;944,80;0,00;1;12601427393,46;0
2010-02-08;940,43;920,29;938,42;0,00;1;12576144854,34;0
2010-02-05;951,48;934,38;935,89;0,00;1;19935422615,288;0
2010-02-04;975,25;948,21;948,62;0,00;1;14911949609,743;0
2010-02-03;974,95;966,08;970,00;0,00;1;16728850593,698;0
2010-02-02;972,75;963,73;971,80;0,00;1;14310517308,488;0
2010-02-01;967,77;947,45;967,77;0,00;1;13318429003,94;0
2010-01-29;957,10;937,93;953,71;0,00;1;15452829593,34;0
2010-01-28;965,09;935,46;937,22;0,00;1;24750600647,63;0
2010-01-27;954,02;934,66;946,70;0,00;1;13141168199,26;0
2010-01-26;945,84;935,66;942,94;0,00;1;12618737603,42;0
2010-01-25;956,18;940,21;947,56;0,00;1;12446109231,85;0
2010-01-22;957,57;943,61;951,06;0,00;1;13631268021,85;0
2010-01-21;968,06;951,49;954,02;0,00;1;14151962426,876;0
2010-01-20;976,79;957,16;957,53;0,00;1;12364205794,81;0
2010-01-19;977,83;960,65;976,00;0,00;1;13198336581,26;0
2010-01-18;975,83;968,76;974,05;0,00;1;9478749104,803;0
2010-01-15;986,00;968,50;970,65;0,00;1;11146871970,13;0
2010-01-14;984,65;975,61;981,50;0,00;1;14762507219,564;0
2010-01-13;974,96;964,35;974,96;0,00;1;12331823942,907;0
2010-01-12;981,08;967,49;969,55;0,00;1;11522148121,87;0
2010-01-11;985,69;973,15;978,18;0,00;1;10862477172,01;0
2010-01-08;974,90;965,70;973,44;0,00;1;10286589677,439;0
2010-01-07;970,26;962,27;965,82;0,00;1;12890750227,02;0
2010-01-05;968,68;961,46;967,27;0,00;1;6010807002,16;0
2010-01-04;964,73;951,72;963,56;0,00;1;7954441352,32;0
